epoch,loss
1,0.7610493898391724
2,0.42735228293082295
3,0.2752701692721423
4,0.18364140479003682
5,0.13661542622482076
6,0.11207575263345942
7,0.09650607187958325
8,0.08489780215656056
9,0.07503163946025512
10,0.06614548734882299
11,0.05821716434815351
12,0.05206851310589734
13,0.047294038183548874
14,0.04364548908436999
15,0.040854963967028785
16,0.03855320548309999
17,0.03711907697074553
18,0.035211275057757604
19,0.03395110653603778
20,0.03276920943137478
21,0.03164885094498887
22,0.030750427614240086
23,0.029806052170255604
24,0.029413650579312268
25,0.02830398444305448
26,0.027922751491560656
27,0.027035117697189835
28,0.026642283205600345
29,0.026329646763556144
30,0.025969958918936113
31,0.025312288938199774
32,0.024927647346082854
33,0.024686575374182534
34,0.024440544383490786
35,0.023954189875546622
36,0.023716526544269395
37,0.023539076614029267
38,0.023316877729752484
39,0.023046966203871894
40,0.022586753811029828
41,0.022491954267024994
42,0.022298020803753066
43,0.022016455255010548
44,0.021982331595876637
45,0.021723973400452557
46,0.021595022367203936
47,0.021520223249407375
48,0.021570045281859004
49,0.021185159573660177
50,0.02116835435085437
51,0.02122090614455588
52,0.020878656383822945
53,0.020818346892209613
54,0.020817208816023433
55,0.020821652758647415
56,0.020605729235445753
57,0.02058910293614163
58,0.02045078027774306
59,0.020462671733077836
60,0.020280414315707544
61,0.02043808766585939
62,0.02008047524620505
63,0.020281591507441857
64,0.020107694846742293
65,0.020112153033123296
66,0.019766905290238997
67,0.019890174598378295
68,0.019755719996550503
69,0.019731023513218936
70,0.019640091258813355
71,0.01980785554384484
72,0.019486431032419205
73,0.019555159899241784
74,0.019467742237098077
75,0.019395992707680252
76,0.01932937082122354
77,0.01925624523530988
78,0.019509398652350202
79,0.019409237210364902
80,0.019357958808541298
81,0.019182878053363633
82,0.019217194770188892
83,0.01910733836976921
84,0.019180786850697854
85,0.01900756633018746
86,0.01898718241821317
87,0.01913590247140211
88,0.018895447802017715
89,0.0189166623441612
90,0.019127736744635245
91,0.018968874588608742
92,0.018861872527529213
93,0.01894624366918031
94,0.018814980655032044
95,0.01885731375831015
96,0.018796180210569325
97,0.018769063384217376
98,0.01867807360694689
99,0.018728511188836658
100,0.01871327223146663
101,0.01875075829379699
102,0.018629014601602274
103,0.018635842401315186
104,0.01855688783175805
105,0.01875728598850615
106,0.018659847733729026
107,0.01864550481824314
108,0.018567940110669416
109,0.018587316331617972
110,0.018396026180947527
111,0.0183509591528598
112,0.01850339540225618
113,0.018472601714379647
114,0.018398065229549128
115,0.01834970887969522
116,0.018367693266447854
117,0.01852113293374286
118,0.01845969117301352
119,0.018387828022241592
120,0.018288306344081375
121,0.018142543404417878
122,0.018261607078944937
123,0.018402682288604623
124,0.018363288110669923
125,0.018318277071504033
126,0.018138141754795525
127,0.018160838305073625
128,0.018247591441168505
129,0.01813661548144677
130,0.018146902213201803
131,0.018088581917040488
132,0.01811505459687289
133,0.0181004031396964
134,0.01807642333647784
135,0.018234771731145242
136,0.01811755251358537
137,0.018060262808028388
138,0.01809539897915195
139,0.018077540156595847
140,0.01822975168333334
141,0.018112314864993095
142,0.01802849649068187
143,0.018040508141412455
144,0.018020981374908897
145,0.018054328420582938
146,0.017937879571143317
147,0.01790645159780979
148,0.018087141106233877
149,0.01790827457957408
150,0.018045642906252074
151,0.01794828671742888
152,0.017820000100661728
153,0.017831773771082655
154,0.017992631587035516
155,0.017781812040244833
156,0.01780538447201252
157,0.017756387262659913
158,0.017741702497005463
159,0.01788378999952008
160,0.017817374866674927
161,0.017914415939765817
162,0.01791485640055993
163,0.017782970495960292
164,0.017841671648270944
165,0.017714573508676362
166,0.017798267962301478
167,0.017813165288637665
168,0.017781113329179147
169,0.017790113192270782
170,0.017701266771730256
171,0.017637416172553513
172,0.017807545359520352
173,0.017611934748642585
174,0.017631147495087457
175,0.017718710553120163
176,0.01771421270335422
177,0.017690041485954735
178,0.017696524038910866
179,0.017764151863315526
180,0.01769301130929414
181,0.0174776246661649
182,0.017523866146802902
183,0.017542140448794645
184,0.01768748779945514
185,0.017571361516328418
186,0.0175562670783085
187,0.017617275938391685
188,0.017615319722715544
189,0.017643413889934036
190,0.01756168682785595
191,0.017535703366293627
192,0.017632260151645717
193,0.01760489318300696
194,0.017466713619582793
195,0.017404603607514325
196,0.017756506581516826
197,0.01762674157233799
198,0.017401218743008727
199,0.017502345583018136
200,0.017589645515031675
201,0.017571976737064475
202,0.017434920239097932
203,0.017552982029669425
204,0.017499715528067422
205,0.01753914137096966
206,0.01740684513660038
207,0.017479210215456346
208,0.01741158085710862
209,0.01733647768988329
210,0.017337706706979695
211,0.01726634208770359
212,0.017542482079828486
213,0.01748449048575233
214,0.01742561807965531
215,0.017473407199277598
216,0.017371807356967646
217,0.01741569653591689
218,0.01742718817994875
219,0.01746438936713864
220,0.017464105587671783
221,0.01729541491059696
222,0.017351276843863374
223,0.017310234991943136
224,0.017450082937584203
225,0.01746819058761877
226,0.01740475754965754
227,0.01722296973799958
228,0.017288779511171228
229,0.017362588687854653
230,0.017421381548047066
231,0.017283833311761126
232,0.017274489845423138
233,0.017308833515819383
234,0.017273627112016958
235,0.01727411676855648
236,0.017284135388977388
237,0.01739535360213588
238,0.017370960510828915
239,0.017369041986325207
240,0.01730622416910003
241,0.017226527499801973
242,0.017355493653346512
243,0.017084857339368147
244,0.017321950920364437
245,0.017282340346890336
246,0.017236872740528163
247,0.01715259736075121
248,0.017211537753396174
249,0.01733955620404552
250,0.017138065222431633
251,0.017277881722239888
252,0.01732005430933307
253,0.01726832427084446
254,0.017280302503529715
255,0.017161042812992546
256,0.017256016788237235
257,0.01708241185063825
258,0.017062580979922238
259,0.01715194127138923
260,0.017260544988162378
261,0.017088158768327796
262,0.01718680078492445
263,0.01722319270758068
264,0.017228043035549277
265,0.017181226764531696
266,0.017055122072205824
267,0.017262742580736384
268,0.01721679956159171
269,0.01708509400486946
270,0.017075846519540337
271,0.01727934433695148
272,0.017081074635772145
273,0.017067007501335704
274,0.017104215152999935
275,0.01713957013014485
276,0.01718298323890742
277,0.017120871199842763
278,0.01712738799259943
279,0.01716232727117398
280,0.017125557669821906
281,0.01705310811453006
282,0.016977601739413598
283,0.017058791373582446
284,0.017201272332492995
285,0.016935971182058838
286,0.01700149235479972
287,0.016972839503603822
288,0.017007630208835882
289,0.01700720705968492
290,0.017100966042455507
291,0.01694827406283687
292,0.017049779238946298
293,0.016940012793330586
294,0.01701784276348703
295,0.01694525723509929
296,0.016968874151215833
297,0.016935213852454636
298,0.016996277003165555
299,0.016981475876972955
300,0.016868200372247136
301,0.01683648193583769
302,0.01688382073360331
303,0.016886737855041727
304,0.016843369888032183
305,0.01688215651494615
306,0.016834513996453845
307,0.016930808751460386
308,0.016854285317308763
309,0.01704542831901242
310,0.01700933847357245
311,0.016796439995660502
312,0.01695337486179436
313,0.01683497434372411
314,0.016970671220299077
315,0.016925811329308676
316,0.016918529701583526
317,0.016918970600647086
318,0.016855283366406664
319,0.016834597651134518
320,0.016823658390956765
321,0.016895902836147475
322,0.016872053418089363
323,0.016958732979700845
324,0.016896135940709534
325,0.016818418551017258
326,0.016666281639653092
327,0.016843435847583937
328,0.016851249534417603
329,0.016734116984640852
330,0.01669414045617861
331,0.016755445367273164
332,0.016800681403016344
333,0.016856277799781633
334,0.016801960547180736
335,0.01694791917415226
336,0.016845197362058303
337,0.01680676600731471
338,0.016914884121540713
339,0.016839504680212808
340,0.016760678852305692
341,0.0168292336165905
342,0.016786629498443183
343,0.016839825164745834
344,0.01679567269542638
345,0.016850039691609496
346,0.01684718710534713
347,0.016597007401287556
348,0.016759231741375783
349,0.016732754897983634
350,0.016843802021706804
351,0.016698344720198828
352,0.016852759810931543
353,0.016802388517295614
354,0.016715847613180384
355,0.01677283053012455
356,0.01679936856688822
357,0.01680211821461425
358,0.01668877379201791
359,0.01655004096820074
360,0.016719422357923844
361,0.016793635235551524
362,0.016675440978039715
363,0.01675871146075866
364,0.016771411194520837
365,0.016694739844430897
366,0.01667807240258245
367,0.016751764232621473
368,0.01668673140161178
369,0.016659369801773745
370,0.01673689457204412
