epoch,filtered_MRR,filtered_Hit@1,filtered_Hit@5,filtered_Hit@10,filtered_MeanRank,multiref_MRR,multiref_Hit@1,multiref_Hit@5,multiref_Hit@10,multiref_MeanRank
25,0.01850427349984893,0.009845288326300985,0.0189873417721519,0.02531645569620253,5514.979606188467,0.06264663600501756,0.0380952380952381,0.07301587301587302,0.09523809523809523,2880.873015873016
50,0.022402826172565348,0.015471167369901548,0.01828410689170183,0.02812939521800281,4712.588255977496,0.07511260257955728,0.05714285714285714,0.06984126984126984,0.10793650793650794,2377.852380952381
75,0.02338526693720827,0.01617440225035162,0.01969057665260197,0.027426160337552744,3485.6993670886077,0.07870762219843636,0.06031746031746032,0.0761904761904762,0.10476190476190476,1952.0333333333333
100,0.02473629446171605,0.017580872011251757,0.02250351617440225,0.029535864978902954,2839.4792545710266,0.08439969604140382,0.06666666666666667,0.08888888888888889,0.11428571428571428,1407.0507936507936
125,0.025713570315794573,0.0189873417721519,0.02109704641350211,0.030239099859353025,2528.3241912798876,0.08848513296784673,0.07301587301587302,0.08253968253968254,0.11746031746031746,1023.4857142857143
150,0.02729500000181799,0.020393811533052038,0.023206751054852322,0.03164556962025317,2580.4163150492263,0.09230736416570072,0.0761904761904762,0.08888888888888889,0.12063492063492064,1024.3904761904762
175,0.02878943427895259,0.02180028129395218,0.02531645569620253,0.03305203938115331,2591.9212376933897,0.09941283077272466,0.08253968253968254,0.09841269841269841,0.12698412698412698,1039.5873015873017
200,0.02952120259543681,0.02180028129395218,0.02812939521800281,0.03305203938115331,2807.253516174402,0.10162728654337566,0.08253968253968254,0.10793650793650794,0.12698412698412698,1108.3301587301587
225,0.02896092157042525,0.02180028129395218,0.026722925457102673,0.035161744022503515,3046.7510548523205,0.10022077738551079,0.08253968253968254,0.10476190476190476,0.13333333333333333,1154.6
250,0.02951009354497431,0.02180028129395218,0.027426160337552744,0.0379746835443038,3538.462728551336,0.10220200022281496,0.08253968253968254,0.10793650793650794,0.13968253968253969,1290.4571428571428
275,0.029741691453688494,0.02109704641350211,0.028832630098452883,0.03727144866385373,4150.6406469760905,0.1025276965811059,0.07936507936507936,0.1111111111111111,0.13968253968253969,1477.7238095238095
300,0.031650383688585026,0.02390998593530239,0.03164556962025317,0.03727144866385373,4840.529184247539,0.1069054751111656,0.08571428571428572,0.11746031746031746,0.13968253968253969,1659.0333333333333
325,0.031424627040173056,0.02390998593530239,0.03164556962025317,0.03656821378340366,5600.318213783404,0.10611827932218493,0.08571428571428572,0.11746031746031746,0.13968253968253969,1854.936507936508
350,0.0312744998216227,0.02390998593530239,0.030942334739803096,0.03656821378340366,6417.900492264416,0.10742057466215961,0.08888888888888889,0.11428571428571428,0.13968253968253969,2090.5444444444443
375,0.03074621908309921,0.023206751054852322,0.030239099859353025,0.03656821378340366,7130.450421940928,0.10275263278129501,0.08253968253968254,0.1111111111111111,0.13968253968253969,2331.247619047619
400,0.03055046758046336,0.023206751054852322,0.030239099859353025,0.03656821378340366,7695.426511954993,0.10196062549201391,0.08253968253968254,0.1111111111111111,0.13968253968253969,2519.552380952381
425,0.030393056522209333,0.023206751054852322,0.029535864978902954,0.03656821378340366,8158.583333333333,0.10196486465934619,0.08253968253968254,0.10793650793650794,0.13968253968253969,2698.436507936508
450,0.031712545376211224,0.02461322081575246,0.029535864978902954,0.0379746835443038,8642.06329113924,0.10667866952828185,0.08888888888888889,0.10793650793650794,0.14285714285714285,2889.190476190476
475,0.031691331299339154,0.02461322081575246,0.029535864978902954,0.03656821378340366,9076.413853727145,0.10661852150855183,0.08888888888888889,0.10793650793650794,0.13968253968253969,3053.463492063492
500,0.03191142515153363,0.02531645569620253,0.029535864978902954,0.03656821378340366,9499.568917018285,0.10822431213253043,0.09206349206349207,0.10793650793650794,0.13968253968253969,3247.1746031746034
525,0.03188230563286898,0.02531645569620253,0.030239099859353025,0.035864978902953586,9819.966947960618,0.10795989520541596,0.09206349206349207,0.1111111111111111,0.1365079365079365,3401.069841269841
550,0.03284646782668393,0.026722925457102673,0.030239099859353025,0.034458509142053444,10222.190576652602,0.11017154365572426,0.09523809523809523,0.1111111111111111,0.13015873015873017,3661.679365079365
575,0.031877975801102014,0.02531645569620253,0.029535864978902954,0.035864978902953586,10538.901195499297,0.1084375405662006,0.09206349206349207,0.1111111111111111,0.1365079365079365,3847.3603174603177
600,0.03170895523534755,0.02531645569620253,0.029535864978902954,0.034458509142053444,10898.54535864979,0.10851033772437013,0.09206349206349207,0.1111111111111111,0.13333333333333333,4091.6746031746034
625,0.03152080839836257,0.02531645569620253,0.030239099859353025,0.034458509142053444,11141.176511954993,0.10793654666694705,0.09206349206349207,0.11428571428571428,0.13333333333333333,4332.688888888889
650,0.03159538390944278,0.02531645569620253,0.029535864978902954,0.034458509142053444,11458.889240506329,0.10775023929607522,0.09206349206349207,0.1111111111111111,0.13333333333333333,4639.853968253969
675,0.031690804411232586,0.02531645569620253,0.029535864978902954,0.034458509142053444,11718.513361462728,0.10826127167173916,0.09206349206349207,0.1111111111111111,0.13333333333333333,4868.812698412698
700,0.03158338799395238,0.02531645569620253,0.029535864978902954,0.034458509142053444,11954.699718706048,0.10839445723989871,0.09206349206349207,0.1111111111111111,0.13333333333333333,5074.5492063492065
725,0.031722137614363995,0.02531645569620253,0.029535864978902954,0.035161744022503515,12141.729606188466,0.10859316634397423,0.09206349206349207,0.1111111111111111,0.1365079365079365,5253.571428571428
750,0.0319757119412501,0.02531645569620253,0.030239099859353025,0.03727144866385373,12332.480309423347,0.10934886464506507,0.09206349206349207,0.11428571428571428,0.14603174603174604,5494.565079365079
775,0.03205608996956147,0.02531645569620253,0.030942334739803096,0.03727144866385373,12522.74859353024,0.11015267393724949,0.09206349206349207,0.11746031746031746,0.14603174603174604,5680.444444444444
800,0.03197108667048827,0.02531645569620253,0.03164556962025317,0.03867791842475387,12682.226090014065,0.11023374222382959,0.09206349206349207,0.12063492063492064,0.1523809523809524,5856.203174603174
825,0.03203074044584042,0.02531645569620253,0.030942334739803096,0.03867791842475387,12851.806258790437,0.1109446275632523,0.09206349206349207,0.11746031746031746,0.1523809523809524,6057.930158730159
850,0.03277201041463841,0.02531645569620253,0.03305203938115331,0.03938115330520394,13022.595991561182,0.1145868455385566,0.09206349206349207,0.12698412698412698,0.1523809523809524,6284.44126984127
