epoch,loss,kge,align,pseudo
1,17382.261257595484,17373.268364800348,0.8992695973979102,0.0
2,9686.451483832465,9682.587381998697,0.38641174137592316,0.0
3,7102.454149034288,7100.397250705295,0.20568673064311346,0.0
4,5729.682990180121,5728.294698079427,0.1388329557246632,0.0
5,4881.6716071234805,4880.58940633138,0.10821726131770346,0.0
6,4320.559549967448,4319.636569552951,0.09229618310928345,0.0
7,3918.777547200521,3917.950476752387,0.08270583425958951,0.0
8,3622.7160441080728,3621.954196506076,0.07618449462784661,0.0
9,3398.4846937391494,3397.7704264322915,0.07142729229397243,0.0
10,3215.1363389756943,3214.4608222113716,0.06755085206694073,0.0
11,3071.811292860243,3071.1593729654946,0.06519347925980885,0.0
12,2952.1881137424043,2951.5623541937935,0.06257793038255638,0.0
13,2852.1422899034287,2851.5305853949653,0.061172561513053045,0.0
14,2766.860114203559,2766.2691819932725,0.059091530533300504,0.0
15,2694.0519053141275,2693.472364637587,0.057952667896946274,0.0
16,2626.2484436035156,2625.6800248887803,0.05684042597810427,0.0
17,2569.9283701578775,2569.372772216797,0.05556035414338112,0.0
18,2521.278305053711,2520.732447306315,0.05458885265721215,0.0
19,2475.549387613932,2475.0123697916665,0.053702102767096624,0.0
20,2434.4738108317056,2433.939954969618,0.05338161066174507,0.0
21,10649.175347222223,10648.181932237414,0.09935159877770477,0.0
22,8529.78460015191,8528.686218261719,0.10983005414406459,0.0
23,7786.25436062283,7785.213317871094,0.10410801693797112,0.0
24,7348.737887912326,7347.74030219184,0.0997637299199899,0.0
25,7054.794596354167,7053.836758083768,0.09578487028678258,0.0
26,6854.296773274739,6853.379828559027,0.09169179035557641,0.0
27,6695.8161214192705,6694.936170789931,0.08799788645572132,0.0
28,6582.683403862848,6581.831142849393,0.08522582550843556,0.0
29,6480.171230740018,6479.336032443576,0.0835153530869219,0.0
30,6405.241895887587,6404.419060601129,0.08228449771801631,0.0
31,7101.691521538629,7100.532206217448,0.09278809941477245,0.23140385333034727
32,6803.8673095703125,6802.729634602864,0.0906212872101201,0.23142858925792906
33,6660.684224446614,6659.580430772569,0.08754298297895326,0.22843242436647415
34,6569.973741319444,6568.89400906033,0.08555430505010816,0.2242692286769549
35,6476.847323947482,6475.777635362413,0.08463146082229084,0.22325525846746233
36,6412.9591064453125,6411.92047797309,0.08183737223347028,0.2202833733624882
37,6342.207465277777,6341.191487630208,0.08009720179769728,0.21500688956843483
38,6286.263977050781,6285.259663899739,0.07911038936840163,0.21321993238396114
39,6234.7280680338545,6233.736592610677,0.0781218343310886,0.21030163930522072
40,6189.758809407552,6188.785902235243,0.07642689678404066,0.2086627417140537
41,6649.648817274306,6648.58782280816,0.08573451762398084,0.20369871291849348
42,6514.168558756511,6513.135911729601,0.08315656872259246,0.20099611414803398
43,6462.092502170139,6461.085374620226,0.08098162420921856,0.19736961937612957
44,6413.366441514757,6412.3710530598955,0.07995710232191616,0.19580904559956658
45,6367.54098171658,6366.5604248046875,0.07868808218174511,0.19363063987758425
46,6340.1140543619795,6339.1474202473955,0.07777745028336842,0.18887064771519768
47,6304.029737684462,6303.073391384549,0.0769873605006271,0.18641689999236
48,6278.288275824652,6277.341064453125,0.07619010739856297,0.1853426272670428
49,6245.674479166667,6244.73200141059,0.0757454600599077,0.18505670213037068
50,6228.207824707031,6227.269938151042,0.0754345055255625,0.18358484821187127
51,6357.869140625,6356.881781684027,0.08084526823626624,0.17889639486869177
52,6264.189188639323,6263.224073621962,0.07892562697331111,0.1758230278889338
53,6215.633639865451,6214.686767578125,0.07739989045593473,0.1729347507158915
54,6181.869459364149,6180.936767578125,0.07609345846705967,0.17175151738855574
55,6152.066697862413,6151.147271050348,0.07482901463905971,0.17115053948428896
56,6128.372280544705,6127.466559516059,0.07388440974884564,0.16692463639709684
57,6119.908148871527,6119.013034396701,0.07284506534536679,0.16668620705604553
58,6089.378763834636,6088.49323187934,0.07200022786855698,0.1654546707868576
59,6064.8453369140625,6063.964789496527,0.07159637783964475,0.16455278628402287
60,6057.071499294705,6056.1967366536455,0.07109043540226088,0.16381650997532737
61,6317.03268093533,6316.113844129774,0.07594243147306973,0.15939858473009533
62,6239.734436035156,6238.834370930989,0.07421169678370158,0.15797838154766294
63,6202.050286187066,6201.164408365886,0.07316759394274817,0.15417634778552586
64,6175.2200927734375,6174.340460883246,0.07243222287959522,0.15540970530774859
65,6155.187608506944,6154.307759602864,0.07261667110853726,0.1537314752737681
66,6132.775607638889,6131.905992296007,0.07195289474394587,0.15009086579084396
67,6123.116305881076,6122.244066026476,0.07225619587633345,0.14973269402980804
68,6106.448540581598,6105.574408637152,0.07241663833459218,0.14996705204248428
69,6088.277336968316,6087.404412163629,0.07237717674838172,0.14921098781956565
70,6077.424506293402,6076.555447048611,0.07208144375019604,0.14822967764404085
71,6174.606072319879,6173.701260036893,0.07598947278327411,0.14500398602750567
72,6111.193793402777,6110.304714626736,0.07468969209326638,0.14221993419859144
73,6078.276292588976,6077.403211805556,0.07310301686326663,0.14203432202339172
74,6057.996148003473,6057.133972167969,0.07216827240255144,0.1404948491189215
75,6041.998582628038,6041.142605251736,0.07163550414972836,0.13960562894741693
76,6023.3573811848955,6022.510206434462,0.07096368364161915,0.13743911021285588
77,6002.911492241754,6002.071499294705,0.0703440395494302,0.13654921452204385
78,5996.5751546223955,5995.741034613715,0.06976810553007656,0.1364715952012274
79,5986.8402099609375,5986.011366102431,0.06919785050882234,0.13693139453728995
80,5970.414761013455,5969.591261121962,0.06876031806071599,0.1359662041068077
81,6175.975368923611,6175.119357638889,0.0724019789033466,0.1319121006462309
82,6111.50188530816,6110.658393012152,0.07127685099840164,0.13073690401183236
83,6086.8844807942705,6086.051350911458,0.07030288543966082,0.13014074663321176
84,6066.708808051215,6065.874769422743,0.07044498663809565,0.1295955628156662
85,6055.978807237413,6055.148186577691,0.07023522754510243,0.12833560092581642
86,6044.030815972223,6043.202202690973,0.07026364364557797,0.12590531756480536
87,6025.733283148871,6024.905388726129,0.07020427410801251,0.12581870580712953
88,6016.1164143880205,6015.292134602864,0.06986039876937866,0.12564847908086246
89,6007.193759494357,6006.367140028212,0.07002852112054825,0.1263919716907872
90,5987.4481201171875,5986.626525878906,0.06961038957039516,0.12546983112891516
91,6068.174160427518,6067.3285725911455,0.07223356059855884,0.1233031219906277
92,6032.450113932292,6031.622083875868,0.07069317665365007,0.1211407333612442
93,6002.075412326389,6001.260314941406,0.06949417831169234,0.12018908436099689
94,5979.227213541667,5978.414564344618,0.0691739705701669,0.12087953752941555
95,5976.71247016059,5975.908915201823,0.06837359194954236,0.11982440451780955
96,5959.704698350694,5958.907870822482,0.06777717214491633,0.11897893581125471
97,5946.165825737848,5945.371303982205,0.06757406352294816,0.11879986234837109
98,5936.487575954861,5935.701816134982,0.0666609981821643,0.11912144968907039
99,5929.513278537326,5928.727369520399,0.06665934166974491,0.11935661195052995
100,5915.104017469618,5914.324557834201,0.06613409560587671,0.11812085741096073
101,6084.605868869357,6083.801547580295,0.06893649987048572,0.1149984718196922
102,6029.29840766059,6028.504014756944,0.06805948747528924,0.11381783998674816
103,6013.283847384982,6012.501159667969,0.06696428317162725,0.11306196575363477
104,5997.698520236545,5996.915791829427,0.06704143517547184,0.1123827195001973
105,5981.942640516493,5981.160671657986,0.06701462881432639,0.1118285900188817
106,5976.34326171875,5975.562689887152,0.06695231629742517,0.11107682643665208
107,5957.671956380208,5956.885165744357,0.06757844736178716,0.11094574795828925
108,5954.667148166232,5953.885267469618,0.06706464290618896,0.1112338395582305
109,5945.577358669705,5944.793409559462,0.06728776999645764,0.11101267610987027
110,5943.950113932292,5943.166802300348,0.06723024323582649,0.1109323004881541
111,6005.928785536024,6005.123033311632,0.06968899857666758,0.10885175193349521
112,5973.760491265191,5972.966478135851,0.06867587938904762,0.10719470265838835
113,5947.215935601129,5946.434156629774,0.06749812389413516,0.1066965220703019
114,5937.152201334636,5936.374199761285,0.067130862424771,0.10667813238170412
115,5925.235039605035,5924.461724175348,0.0668129933377107,0.10513460222217771
116,5916.218458387587,5915.448791503906,0.06656756831540002,0.1039796835846371
117,5901.720526801215,5900.957912868924,0.06576218331853549,0.10498909569448894
118,5898.101101345486,5897.340304904514,0.06556775296727817,0.10514755340086089
119,5895.206929524739,5894.45061577691,0.06512232166197565,0.10512515902519226
120,5885.166998969184,5884.4150390625,0.06458833399746153,0.10605756317575772
121,6030.251946343316,6029.47903781467,0.06699191985858811,0.10305160284042358
122,5988.649183485243,5987.887091742621,0.06603287864062521,0.10169875332050854
123,5975.286810980902,5974.527601453993,0.06580179515812132,0.1012981923090087
124,5948.166659884982,5947.410095214844,0.06556007431613074,0.10101313806242412
125,5937.421542697482,5936.664937337239,0.06559440286623107,0.10073027056124476
126,5935.658128526476,5934.902079264323,0.06559550017118454,0.10015640780329704
127,5919.245937771268,5918.489617241754,0.06563379201624128,0.1000137511226866
128,5918.667005750868,5917.908542209201,0.06587129169040257,0.09978038031193945
129,5915.886813693576,5915.127712673611,0.0658571326898204,0.100513337386979
130,5907.811279296875,5907.052551269531,0.0657743691570229,0.10097908973693848
131,5966.321465386285,5965.546034071181,0.06771159917116165,0.09829733934667376
132,5933.414008246527,5932.651529947917,0.06649946711129612,0.09748756926920679
133,5918.01618109809,5917.261040581598,0.0657685279018349,0.09750953358080652
134,5908.01900906033,5907.267225477431,0.06548102117247051,0.0969366476767593
135,5886.309895833333,5885.5609130859375,0.06518437671992514,0.09714276881681548
136,5887.049852159288,5886.306165907118,0.06484231311413977,0.09522004342741436
137,5869.638576931424,5868.89453125,0.06483202675978343,0.09567610298593839
138,5866.364976671007,5865.627366807726,0.06413497899969418,0.09623813091052903
139,5867.362779405382,5866.625406901042,0.0641186564332909,0.0961827321185006
140,5856.309319390191,5855.576646592882,0.06364425975415441,0.09633956684006585
141,5984.830722384982,5984.074971516927,0.06609584970606698,0.09474990185764101
142,5947.640475802951,5946.893534342448,0.06532226420111126,0.09380180264512698
143,5935.524136013455,5934.784864637587,0.06456924105683963,0.09358680124084155
144,5918.661390516493,5917.925808376736,0.06423630441228549,0.09322278532716963
145,5911.162618001302,5910.430833604601,0.06385649575127496,0.09320386333598031
146,5903.495625813802,5902.766655815973,0.06374176094929378,0.09155210190349156
147,5897.940768771701,5897.2100830078125,0.06386951978007953,0.09189079743292597
148,5884.144205729167,5883.413581000434,0.06381781068113115,0.09243048313591215
149,5887.661180284288,5886.930121527777,0.06383401983314091,0.09271839302447107
150,5881.746439615886,5881.017632378473,0.06361017583145036,0.09273959116803275
151,5935.078667534723,5934.3352457682295,0.06527488181988399,0.09072001319792536
152,5901.052429199219,5900.316786024306,0.06457608317335446,0.08989180748661359
153,5882.833021375868,5882.104437934027,0.06393137450019519,0.08927612668938106
154,5870.920057508681,5870.1960042317705,0.06348694653974639,0.08926072054439121
155,5866.051703559027,5865.331231011285,0.06314612966444758,0.0890887507961856
156,5855.677151150174,5854.9618733723955,0.06272619693643516,0.08801040674249332
157,5847.3227132161455,5846.606452094184,0.06280366683171855,0.08826813391513294
158,5844.230882432726,5843.516092936198,0.0626053483121925,0.08872151788738039
159,5845.884819878473,5845.174336751302,0.06218804522520966,0.08857395955257946
160,5830.99166531033,5830.2819417317705,0.06208180801735984,0.08890143740508291
161,5946.179816351996,5945.450744628906,0.06414560952948199,0.08762635828720199
162,5913.91790093316,5913.196723090277,0.06347497055927913,0.08645906920234363
163,5900.370659722223,5899.653611924913,0.06305495194262928,0.08647389668557379
164,5889.393391927083,5888.67815483941,0.0628474396136072,0.08673771719137828
165,5879.258592393663,5878.541592068143,0.06308496660656399,0.08614573006828626
166,5878.687357584636,5877.970933702257,0.0631718176106612,0.0847707986831665
167,5872.149359809027,5871.436923556857,0.06268525599605507,0.08561346886886491
168,5864.713534884982,5863.9997965494795,0.06277919374406338,0.08596833050251007
169,5859.8143310546875,5859.100043402777,0.06280842506223255,0.08619838456312816
170,5851.62457953559,5850.911187065973,0.06267493011222945,0.08663874947362477
171,5896.262132432726,5895.536973741319,0.06411135445038478,0.08406417899661595
172,5882.110751681857,5881.394761827257,0.06324458577566677,0.08358720690011978
173,5865.986714680989,5865.2759195963545,0.06276177097525862,0.08318561522497071
174,5850.336859809027,5849.62890625,0.06245283058120145,0.08340542763471603
175,5847.953606499566,5847.246914333768,0.062346076592803,0.08323881692356533
176,5837.675367567274,5836.973876953125,0.06191477241615454,0.08236288693216112
177,5828.536410861545,5827.832336425781,0.062144710992773376,0.08256294247176912
178,5824.874423556857,5824.170871310764,0.06207482289108965,0.0827940698299143
179,5817.522576226129,5816.82278781467,0.06163968642552694,0.08339107864432865
180,5813.708570692274,5813.006001790364,0.061915044776267476,0.08341137112842666
181,5923.990987141927,5923.270935058594,0.06383741522828738,0.081702651662959
182,5890.372483995226,5889.659966362848,0.06313137544525994,0.08113396871421072
183,5880.628919813368,5879.924133300781,0.06237791064712736,0.08102264751990636
184,5868.839450412326,5868.1378987630205,0.062093921626607575,0.08064615892039405
185,5863.696967230902,5862.994377983941,0.062127778513564005,0.0812948668996493
186,5858.817789713542,5858.119405110677,0.0617730174627569,0.08061640254325336
187,5853.381368001302,5852.685085720486,0.06153149095674356,0.08101184666156769
188,5847.084716796875,5846.385443793402,0.06181015674438742,0.08121430252989133
189,5842.57379828559,5841.8756103515625,0.061638870586951576,0.08176784341533978
190,5840.585890028212,5839.886013454861,0.0618033634705676,0.08187311887741089
191,5891.358188205295,5890.644476996527,0.06339128687977791,0.07969481663571464
192,5860.311041937934,5859.6071370442705,0.06245151741637124,0.07933779019448492
193,5839.886820475261,5839.190734863281,0.061712961850894824,0.07894901186227798
194,5835.909891764323,5835.217190212674,0.06139360802869002,0.07881417456600401
195,5825.892042371962,5825.199266221788,0.061396587226125926,0.07880650667680635
196,5822.171569824219,5821.481953938802,0.06117206501464049,0.07785092956489986
197,5810.476718478732,5809.787055121527,0.061094084547625646,0.07874815165996552
198,5803.7814534505205,5803.09186469184,0.06110444002681308,0.07848058309819964
199,5797.513651529948,5796.821533203125,0.061279232510262065,0.07936843319071664
200,5798.109313964844,5797.417154947917,0.06124999767376317,0.07967694972952206
201,5911.835659450955,5911.133605957031,0.06239215284585953,0.07812009006738663
202,5879.001546223958,5878.304931640625,0.061930667608976364,0.07733217088712586
203,5861.619791666667,5860.9282633463545,0.06142492364678118,0.07729470729827881
204,5853.048828125,5852.361036512587,0.061076303530070514,0.0769492271873686
205,5845.484686957465,5844.798712836371,0.060866363553537264,0.07735297621952163
206,5840.647182888455,5839.965433756511,0.06054847459826204,0.07627016595668262
207,5834.413852267795,5833.732964409723,0.06045459003912078,0.07631083619263437
208,5828.71627468533,5828.034356011285,0.060477629510892764,0.07711052356494798
209,5826.668395996094,5825.98388671875,0.06069842539727688,0.07753519424133831
210,5818.439283582899,5817.753200954861,0.06081841534210576,0.07787331400646104
211,5858.559482150607,5857.859191894531,0.06243337504565716,0.07592708783017264
212,5836.756510416667,5836.0698649088545,0.06114486791193485,0.07519507573710547
213,5827.180230034723,5826.497999403212,0.06074522208008501,0.07479462358686659
214,5820.091715494792,5819.410942925348,0.060569519797960915,0.07501933889256583
215,5808.826924641927,5808.149753146701,0.060228023678064346,0.07487869676616457
216,5807.187486436632,5806.505567762587,0.06075993345843421,0.07427968995438682
217,5801.262295193143,5800.58356391059,0.06042905027667681,0.07450062905748685
218,5798.061211480035,5797.384752061632,0.060167803118626274,0.07477884987990062
219,5782.550245496962,5781.869547526042,0.060496620212992035,0.07565429310003917
220,5787.808641221788,5787.128336588542,0.06045959745016363,0.0756722634865178
221,5892.799187554254,5892.106981065538,0.06175867778559526,0.07458875493870841
222,5856.407436794705,5855.720574273004,0.06125463441842132,0.07437708435787095
223,5849.2984619140625,5848.618869357639,0.060553167636195816,0.07412057742476463
224,5841.230523003473,5840.551025390625,0.060524010823832616,0.07421487362848388
225,5835.586819118924,5834.9088948567705,0.06033378653228283,0.0746720942358176
226,5830.306620279948,5829.6338297526045,0.05999243218037817,0.07282837397522396
227,5826.179850260417,5825.503424750434,0.06032050421668424,0.07327389385965136
228,5815.745069715712,5815.069769965277,0.060158069555958114,0.07370576138297717
229,5813.913852267795,5813.238071017795,0.06017037998470995,0.07402475964691904
230,5815.268819173177,5814.594217936198,0.060015981189078756,0.07450320406092538
231,5839.918674045139,5839.233147515191,0.06126394847200976,0.07296057500773007
232,5823.1910230848525,5822.514431423611,0.06040701208015283,0.07249254484971364
233,5809.917907714844,5809.245768229167,0.05995533139341407,0.07264141655630535
234,5800.21965874566,5799.549404568143,0.059814931410882205,0.0720939872165521
235,5792.8520914713545,5792.180582682292,0.05989936490853628,0.07247469739781486
236,5780.902174207899,5780.235073513455,0.05959686160915428,0.07115585232774417
237,5779.762023925781,5779.097846137152,0.05924919909901089,0.07161252821485202
238,5779.921040852864,5779.257954915364,0.05908719263970852,0.07215609732601377
239,5776.10546875,5775.442755805121,0.05904042865667078,0.07226842269301414
240,5775.804748535156,5775.140380859375,0.05916187208559778,0.07275934144854546
241,5883.042399088542,5882.367296006944,0.06039315772553285,0.07119098057349522
242,5847.796949598524,5847.126057942708,0.06005479685134358,0.0703839332693153
243,5843.567281087239,5842.902323404948,0.05943825178676181,0.07053453061315748
244,5833.297519259982,5832.63284640842,0.059439828619360924,0.07017632035745515
245,5818.341213650174,5817.678819444444,0.05916530970070097,0.07077867827481693
246,5816.494140625,5815.835394965277,0.058919408876034945,0.06957381135887569
247,5819.668178982205,5819.009006076389,0.05891607142984867,0.06997364221347703
248,5810.238220214844,5809.579006618924,0.058877446171310216,0.07044412319858868
249,5798.935485839844,5798.276102701823,0.05884646231101619,0.07081955381565624
250,5800.289605034723,5799.630581325955,0.05878403575883971,0.07113654207852152
251,5829.670389811198,5828.996731228299,0.06037197448313236,0.06995652243494987
252,5810.191596137152,5809.525743272569,0.059624719330006175,0.06963104464941555
253,5795.3852945963545,5794.726087782118,0.058967047474450536,0.0695166037314468
254,5793.198398166232,5792.543023003473,0.058627922708789505,0.0690813987619347
255,5780.385084364149,5779.728379991319,0.05872263324757417,0.06944933161139488
256,5777.363037109375,5776.708150227864,0.05867300327453348,0.06822385928697056
257,5783.402960883246,5782.747307671441,0.05873860791325569,0.06823428513275252
258,5763.981343587239,5763.324693467882,0.0587748678194152,0.06886857416894701
259,5768.199876573351,5767.545722113715,0.058477331780725054,0.06938923357261552
260,5765.723639594184,5765.064676920573,0.058922343576947846,0.06968533868590991
