epoch,loss,align,rel
1,1.8431993126869202,0.9529145956039429,0.8902847170829773
2,1.756437063217163,0.9234468340873718,0.8329902291297913
3,1.6638954877853394,0.8849713802337646,0.7789241075515747
4,1.5659759640693665,0.8369272947311401,0.7290486693382263
5,1.4529533386230469,0.7777435779571533,0.6752097606658936
6,1.3292689323425293,0.7060499787330627,0.6232189536094666
7,1.2007651329040527,0.6231037378311157,0.577661395072937
8,1.0623489618301392,0.5289815068244934,0.5333674550056458
9,0.928340345621109,0.4263184368610382,0.5020219087600708
10,0.802385687828064,0.3232887387275696,0.4790969491004944
11,0.6919001638889313,0.23118653893470764,0.46071362495422363
12,0.6103257834911346,0.16317793726921082,0.44714784622192383
13,0.5671560764312744,0.12548530101776123,0.4416707754135132
14,0.5425740629434586,0.10859633982181549,0.43397772312164307
15,0.5253828689455986,0.10082244127988815,0.42456042766571045
16,0.5103851035237312,0.09692061692476273,0.4134644865989685
17,0.49785439670085907,0.09601728618144989,0.4018371105194092
18,0.4792626276612282,0.09165305644273758,0.3876095712184906
19,0.4661113768815994,0.08977140486240387,0.37633997201919556
20,0.4462173655629158,0.08680859953165054,0.35940876603126526
21,0.429259330034256,0.0848739743232727,0.3443853557109833
22,0.4128153622150421,0.08076992630958557,0.33204543590545654
23,0.40327197313308716,0.07906103134155273,0.3242109417915344
24,0.38749444484710693,0.07664790749549866,0.3108465373516083
25,0.38092444092035294,0.07393095642328262,0.3069934844970703
26,0.369411438703537,0.0725865364074707,0.2968249022960663
27,0.3606164902448654,0.0716245025396347,0.2889919877052307
28,0.3569265976548195,0.07085344940423965,0.28607314825057983
29,0.34433266520500183,0.06983906030654907,0.27449360489845276
30,0.33414284884929657,0.0683956891298294,0.26574715971946716
31,0.3284234255552292,0.0666704922914505,0.2617529332637787
32,0.31408126652240753,0.06367276608943939,0.25040850043296814
33,0.30576083064079285,0.06173323094844818,0.24402759969234467
34,0.2941784933209419,0.05994474142789841,0.23423375189304352
35,0.28609751909971237,0.05836299806833267,0.2277345210313797
36,0.27619506046175957,0.057522308081388474,0.2186727523803711
37,0.2747204601764679,0.05596739053726196,0.21875306963920593
38,0.26268529146909714,0.05548309534788132,0.20720219612121582
39,0.2590903416275978,0.054632700979709625,0.20445764064788818
40,0.25044800341129303,0.0522070974111557,0.19824090600013733
41,0.24367060512304306,0.052451543509960175,0.19121906161308289
42,0.23780881240963936,0.05029738321900368,0.18751142919063568
43,0.23409992456436157,0.04906196892261505,0.18503795564174652
44,0.2260579988360405,0.047509633004665375,0.17854836583137512
45,0.21974608302116394,0.04738070070743561,0.17236538231372833
46,0.21625887230038643,0.046275172382593155,0.16998369991779327
47,0.20797868445515633,0.04469629004597664,0.1632823944091797
48,0.2042229101061821,0.04429248720407486,0.15993042290210724
49,0.1996610127389431,0.04365409538149834,0.15600691735744476
50,0.19314178079366684,0.042165033519268036,0.1509767472743988
51,0.1871156543493271,0.04192596673965454,0.14518968760967255
52,0.18455062806606293,0.040210723876953125,0.1443399041891098
53,0.17794721946120262,0.03973030671477318,0.13821691274642944
54,0.17774748057127,0.039720647037029266,0.13802683353424072
55,0.17001471668481827,0.038503341376781464,0.1315113753080368
56,0.16823028773069382,0.038270287215709686,0.12996000051498413
57,0.16990063339471817,0.03964219242334366,0.1302584409713745
58,0.16328053921461105,0.03822792321443558,0.12505261600017548
59,0.16054357588291168,0.03805899620056152,0.12248457968235016
60,0.15940768271684647,0.03787568211555481,0.12153200060129166
61,0.15456321090459824,0.037037089467048645,0.11752612143754959
62,0.1523687168955803,0.037113308906555176,0.11525540798902512
63,0.15073613077402115,0.036640286445617676,0.11409584432840347
64,0.1487462967634201,0.035931624472141266,0.11281467229127884
65,0.1425577998161316,0.03558702766895294,0.10697077214717865
66,0.14168020337820053,0.034754544496536255,0.10692565888166428
67,0.13834024220705032,0.034133583307266235,0.10420665889978409
68,0.13411828130483627,0.03381631523370743,0.10030196607112885
69,0.13532265275716782,0.03425309807062149,0.10106955468654633
70,0.13521410524845123,0.03339347988367081,0.10182062536478043
71,0.13153042271733284,0.03285172954201698,0.09867869317531586
72,0.12740730121731758,0.0325574167072773,0.09484988451004028
73,0.1274886541068554,0.03235020115971565,0.09513845294713974
74,0.12697049230337143,0.030826598405838013,0.09614389389753342
75,0.1236520316451788,0.031121080741286278,0.09253095090389252
76,0.12112059444189072,0.030339382588863373,0.09078121185302734
77,0.11755825765430927,0.029624098911881447,0.08793415874242783
78,0.11727820336818695,0.029755376279354095,0.08752282708883286
79,0.1188013106584549,0.029324442148208618,0.08947686851024628
80,0.11283937469124794,0.02880029007792473,0.08403908461332321
81,0.11015401780605316,0.02817545086145401,0.08197856694459915
82,0.11069227382540703,0.02835296466946602,0.08233930915594101
83,0.10970369726419449,0.027723275125026703,0.08198042213916779
84,0.10544268041849136,0.02730126678943634,0.07814141362905502
85,0.10748792067170143,0.02736823633313179,0.08011968433856964
86,0.10342012345790863,0.02657158672809601,0.07684853672981262
87,0.10250714421272278,0.026580266654491425,0.07592687755823135
88,0.10346049442887306,0.02680094912648201,0.07665954530239105
89,0.1001098770648241,0.0259848702698946,0.0741250067949295
90,0.1007328238338232,0.02598707191646099,0.07474575191736221
91,0.09769349545240402,0.02557183802127838,0.07212165743112564
92,0.09759915992617607,0.02526148036122322,0.07233767956495285
93,0.09608184173703194,0.024859268218278885,0.07122257351875305
94,0.09336015582084656,0.02432333678007126,0.0690368190407753
95,0.09531696513295174,0.02442961558699608,0.07088734954595566
96,0.09283655136823654,0.02397771179676056,0.06885883957147598
97,0.09152429178357124,0.023418579250574112,0.06810571253299713
98,0.09177844598889351,0.023674312978982925,0.06810413300991058
99,0.08973314613103867,0.02340693771839142,0.06632620841264725
100,0.0882471613585949,0.022922810167074203,0.06532435119152069
101,0.08775178156793118,0.022845959290862083,0.06490582227706909
102,0.08753750659525394,0.02282881923019886,0.06470868736505508
103,0.0859527550637722,0.02248641476035118,0.06346634030342102
104,0.08662291616201401,0.02262527495622635,0.06399764120578766
105,0.08332322165369987,0.022301018238067627,0.06102220341563225
106,0.08428901061415672,0.02219625562429428,0.06209275498986244
107,0.08428708463907242,0.02212778478860855,0.06215929985046387
108,0.08153367973864079,0.021731918677687645,0.05980176106095314
109,0.08122589625418186,0.021564410999417305,0.05966148525476456
110,0.08169588446617126,0.02162143588066101,0.060074448585510254
111,0.08116109669208527,0.021259192377328873,0.05990190431475639
112,0.0797885823994875,0.020562605932354927,0.05922597646713257
113,0.07901983335614204,0.020943358540534973,0.05807647481560707
114,0.07776816189289093,0.02036184072494507,0.05740632116794586
115,0.0782038364559412,0.02072700671851635,0.05747682973742485
116,0.07764852233231068,0.020257191732525826,0.05739133059978485
117,0.07788893766701221,0.020433740690350533,0.05745519697666168
118,0.07439429312944412,0.02021094411611557,0.05418334901332855
119,0.07400617003440857,0.019879143685102463,0.05412702634930611
120,0.0752311684191227,0.02000243589282036,0.05522873252630234
121,0.07228957489132881,0.018881630152463913,0.0534079447388649
122,0.07286561280488968,0.01953062415122986,0.05333498865365982
123,0.0722760483622551,0.019181769341230392,0.053094279021024704
124,0.07372580468654633,0.019514087587594986,0.05421171709895134
125,0.07194533199071884,0.019213084131479263,0.05273224785923958
126,0.06944231316447258,0.01909850537776947,0.05034380778670311
127,0.0677541233599186,0.018576249480247498,0.0491778738796711
128,0.06887618638575077,0.018291039392352104,0.050585146993398666
129,0.06877832673490047,0.018400074914097786,0.05037825182080269
130,0.06977801956236362,0.01828605867922306,0.051491960883140564
131,0.06742151267826557,0.01836557500064373,0.04905593767762184
132,0.06688085570931435,0.017737798392772675,0.04914305731654167
133,0.06576263718307018,0.017729373648762703,0.04803326353430748
134,0.0669621117413044,0.017755750566720963,0.049206361174583435
135,0.06659356132149696,0.01797272264957428,0.048620838671922684
136,0.06470600515604019,0.017795268446207047,0.046910736709833145
137,0.06399347260594368,0.016941003501415253,0.04705246910452843
138,0.06690718419849873,0.01718658022582531,0.049720603972673416
139,0.06460777670145035,0.017240598797798157,0.04736717790365219
140,0.063072569668293,0.01695111393928528,0.04612145572900772
141,0.06309886649250984,0.016985073685646057,0.046113792806863785
142,0.061845239251852036,0.016760028898715973,0.04508521035313606
143,0.06309974752366543,0.01674211211502552,0.04635763540863991
144,0.06325148418545723,0.01654934138059616,0.04670214280486107
145,0.0624536145478487,0.016233613714575768,0.046220000833272934
146,0.06128295883536339,0.016380947083234787,0.0449020117521286
147,0.06127197667956352,0.016042716801166534,0.04522925987839699
148,0.06175307184457779,0.016248535364866257,0.04550453647971153
149,0.05978038161993027,0.015972204506397247,0.04380817711353302
150,0.06074889563024044,0.01610802672803402,0.04464086890220642
151,0.06012609601020813,0.015654511749744415,0.044471584260463715
152,0.060533348470926285,0.015646401792764664,0.04488694667816162
153,0.05945017375051975,0.015616970136761665,0.04383320361375809
154,0.05824365373700857,0.015399469994008541,0.04284418374300003
155,0.0595005601644516,0.015366625040769577,0.04413393512368202
156,0.060013473965227604,0.01545399148017168,0.04455948248505592
157,0.05735178850591183,0.015055986121296883,0.042295802384614944
158,0.05796855129301548,0.01474866084754467,0.04321989044547081
159,0.05666377209126949,0.014817213639616966,0.04184655845165253
160,0.05656962748616934,0.01480987947434187,0.04175974801182747
161,0.05742310732603073,0.014780331403017044,0.04264277592301369
162,0.05705966521054506,0.01451061386615038,0.042549051344394684
163,0.055706173181533813,0.014572951942682266,0.04113322123885155
164,0.055869316682219505,0.014561915770173073,0.04130740091204643
165,0.055666761472821236,0.014266910031437874,0.04139985144138336
166,0.0563521645963192,0.014392394572496414,0.041959770023822784
167,0.05512734688818455,0.01411316730082035,0.0410141795873642
168,0.05598883330821991,0.013993460685014725,0.041995372623205185
169,0.05361435376107693,0.01419670321047306,0.03941765055060387
170,0.056689755991101265,0.013997456058859825,0.04269229993224144
171,0.05396081041544676,0.0140439597889781,0.03991685062646866
172,0.05360676720738411,0.01385999470949173,0.03974677249789238
173,0.05484903044998646,0.0136543158441782,0.04119471460580826
174,0.05430224537849426,0.013744492083787918,0.040557753294706345
175,0.05453782621771097,0.013452679850161076,0.041085146367549896
176,0.052886564284563065,0.013608895242214203,0.03927766904234886
177,0.05257117189466953,0.013268066570162773,0.03930310532450676
178,0.05250071547925472,0.013114871457219124,0.0393858440220356
179,0.05286611523479223,0.01332059409469366,0.03954552114009857
180,0.05253510642796755,0.013232455588877201,0.03930265083909035
181,0.050967881456017494,0.01311630941927433,0.037851572036743164
182,0.05213805474340916,0.013302149251103401,0.038835905492305756
183,0.05093960091471672,0.012613251805305481,0.03832634910941124
184,0.050972613506019115,0.012836865149438381,0.038135748356580734
185,0.05299058184027672,0.012891512364149094,0.040099069476127625
186,0.05178230442106724,0.013165539130568504,0.038616765290498734
187,0.05239433515816927,0.012660698033869267,0.0397336371243
188,0.04931274242699146,0.012565387412905693,0.03674735501408577
189,0.04964672215282917,0.012521984055638313,0.03712473809719086
190,0.04977232124656439,0.012502416037023067,0.03726990520954132
191,0.05175566487014294,0.012510472908616066,0.03924519196152687
192,0.04918309021741152,0.012362447567284107,0.03682064265012741
193,0.05058353953063488,0.012557996436953545,0.038025543093681335
194,0.04928901232779026,0.012169001623988152,0.03712001070380211
195,0.0484731188043952,0.012294313870370388,0.03617880493402481
196,0.04709131643176079,0.011838320642709732,0.035252995789051056
197,0.04879475384950638,0.01190846785902977,0.03688628599047661
198,0.04854830540716648,0.011867592111229897,0.036680713295936584
199,0.04798657074570656,0.011778708547353745,0.036207862198352814
200,0.04754004068672657,0.012004004791378975,0.035536035895347595
201,0.046187978237867355,0.011463090777397156,0.0347248874604702
202,0.047776518389582634,0.011552942916750908,0.036223575472831726
203,0.04834018088877201,0.011776765808463097,0.036563415080308914
204,0.04656101483851671,0.011755035258829594,0.03480597957968712
205,0.04704026319086552,0.011488715186715126,0.03555154800415039
206,0.047604501247406006,0.011309776455163956,0.03629472479224205
207,0.04674794711172581,0.01141270063817501,0.035335246473550797
208,0.04751763213425875,0.011290711350739002,0.036226920783519745
209,0.04650858324021101,0.010925221256911755,0.035583361983299255
210,0.04744314029812813,0.011326517909765244,0.036116622388362885
211,0.04685204103589058,0.011160794645547867,0.03569124639034271
212,0.044418005272746086,0.011017000302672386,0.0334010049700737
213,0.04484434984624386,0.011191586032509804,0.033652763813734055
214,0.04625478945672512,0.011071564629673958,0.03518322482705116
215,0.04677963629364967,0.011019174009561539,0.035760462284088135
216,0.04607652686536312,0.010580351576209068,0.03549617528915405
217,0.044801706448197365,0.010767290368676186,0.03403441607952118
218,0.04644794575870037,0.010897478088736534,0.03555046766996384
219,0.04495752044022083,0.010577121749520302,0.03438039869070053
220,0.045503946021199226,0.01065911166369915,0.034844834357500076
221,0.04439684376120567,0.010868951678276062,0.03352789208292961
222,0.04414090421050787,0.01065926905721426,0.03348163515329361
223,0.04437115229666233,0.010746216401457787,0.033624935895204544
224,0.044956715777516365,0.010260874405503273,0.03469584137201309
225,0.045251861214637756,0.01073576882481575,0.034516092389822006
226,0.043986846692860126,0.010204625315964222,0.033782221376895905
227,0.04312014952301979,0.010142803192138672,0.03297734633088112
228,0.04411746375262737,0.010134024545550346,0.033983439207077026
229,0.042599018663167953,0.01008126512169838,0.032517753541469574
230,0.043815490789711475,0.01030499953776598,0.033510491251945496
231,0.04363797791302204,0.010207893326878548,0.033430084586143494
232,0.04291737452149391,0.00997120514512062,0.03294616937637329
233,0.04516236297786236,0.009984316304326057,0.0351780466735363
234,0.04340183734893799,0.00979919359087944,0.03360264375805855
235,0.042579907923936844,0.010091915726661682,0.03248799219727516
236,0.04199138283729553,0.010006126016378403,0.03198525682091713
237,0.043944272212684155,0.009878831915557384,0.03406544029712677
238,0.042868928983807564,0.00969727523624897,0.033171653747558594
239,0.041618360206484795,0.009442513808608055,0.03217584639787674
240,0.043263763189315796,0.009744595736265182,0.03351916745305061
241,0.04274926893413067,0.009636374190449715,0.033112894743680954
242,0.04167184233665466,0.009557116776704788,0.032114725559949875
243,0.041785393841564655,0.00998313445597887,0.031802259385585785
244,0.04252527467906475,0.009628349915146828,0.03289692476391792
245,0.04126747325062752,0.009195487946271896,0.03207198530435562
246,0.04203389212489128,0.00934436172246933,0.03268953040242195
247,0.04054449778050184,0.009295337833464146,0.031249159947037697
248,0.04019530862569809,0.009083254262804985,0.031112054362893105
249,0.04150173254311085,0.009283164516091347,0.0322185680270195
250,0.041945379227399826,0.009143371134996414,0.03280200809240341
251,0.04195090103894472,0.009291009046137333,0.03265989199280739
252,0.04125870205461979,0.009378289803862572,0.03188041225075722
253,0.041252145543694496,0.009267406538128853,0.03198473900556564
254,0.04050395265221596,0.00903894379734993,0.03146500885486603
255,0.04115108773112297,0.008986275643110275,0.032164812088012695
256,0.04103259276598692,0.009472823701798916,0.031559769064188004
257,0.040530990809202194,0.008898917585611343,0.03163207322359085
258,0.03906814754009247,0.008892407640814781,0.030175739899277687
259,0.04161932319402695,0.009229201823472977,0.03239012137055397
260,0.03964302036911249,0.00891732145100832,0.030725698918104172
261,0.041462492197752,0.008818436414003372,0.03264405578374863
262,0.04034193139523268,0.009003347717225552,0.031338583678007126
263,0.04004608280956745,0.008752340450882912,0.03129374235868454
264,0.03985837288200855,0.008762896060943604,0.03109547682106495
265,0.04039917513728142,0.008661683648824692,0.031737491488456726
266,0.039308104664087296,0.008857382461428642,0.030450722202658653
267,0.03864751011133194,0.008649911731481552,0.029997598379850388
268,0.039024376310408115,0.008565475232899189,0.030458901077508926
269,0.038840739987790585,0.008715166710317135,0.03012557327747345
270,0.039101218804717064,0.008494161069393158,0.030607057735323906
271,0.03889313247054815,0.008615619502961636,0.030277512967586517
272,0.0389062138274312,0.008565754629671574,0.03034045919775963
273,0.040199870243668556,0.008581789210438728,0.03161808103322983
274,0.03884623013436794,0.008298693224787712,0.03054753690958023
275,0.03830873128026724,0.008253010921180248,0.03005572035908699
276,0.03830549493432045,0.008477859199047089,0.02982763573527336
277,0.038874076679348946,0.008357347920536995,0.03051672875881195
278,0.03919174708425999,0.008224396035075188,0.0309673510491848
279,0.03818480670452118,0.008097823709249496,0.030086982995271683
280,0.03889957442879677,0.008240828290581703,0.030658746138215065
281,0.038824149407446384,0.008342466317117214,0.03048168309032917
282,0.03769803047180176,0.00843382254242897,0.029264207929372787
283,0.036878105252981186,0.00807592086493969,0.028802184388041496
284,0.03753277100622654,0.008294727653265,0.02923804335296154
285,0.03830231726169586,0.008179645985364914,0.030122671276330948
286,0.03889579884707928,0.008227279409766197,0.03066851943731308
287,0.03810642287135124,0.00785837136209011,0.03024805150926113
288,0.037950195372104645,0.00795484147965908,0.029995353892445564
289,0.03903624787926674,0.008078198879957199,0.03095804899930954
290,0.036581020802259445,0.008082401007413864,0.02849861979484558
291,0.03890356607735157,0.00789710320532322,0.03100646287202835
292,0.03766991291195154,0.007866007275879383,0.02980390563607216
293,0.036900593899190426,0.007877419702708721,0.029023174196481705
294,0.03683647606521845,0.007839526049792767,0.028996950015425682
295,0.03785343421623111,0.007809334900230169,0.03004409931600094
296,0.03704312816262245,0.0077734459191560745,0.029269682243466377
297,0.03712087124586105,0.007856611162424088,0.029264260083436966
298,0.037566063459962606,0.007808688562363386,0.02975737489759922
299,0.036478604190051556,0.007718588225543499,0.028760015964508057
300,0.03698819503188133,0.00757906399667263,0.029409131035208702
301,0.037167767994105816,0.007780128158628941,0.029387639835476875
302,0.03789129853248596,0.007790988311171532,0.03010031022131443
303,0.03613541694357991,0.007727245334535837,0.028408171609044075
304,0.036297077778726816,0.00749939726665616,0.028797680512070656
305,0.03582288231700659,0.007721315138041973,0.028101567178964615
306,0.03607555292546749,0.007579704746603966,0.028495848178863525
307,0.037219305988401175,0.007553612347692251,0.029665693640708923
308,0.03591869305819273,0.007481996901333332,0.028436696156859398
309,0.036366237327456474,0.00772358663380146,0.028642650693655014
310,0.0350009030662477,0.0074468269012868404,0.02755407616496086
311,0.035306678619235754,0.007461977656930685,0.02784470096230507
312,0.03526854142546654,0.007494701072573662,0.027773840352892876
313,0.03547307010740042,0.007539934478700161,0.027933135628700256
314,0.03640278801321983,0.007272167131304741,0.029130620881915092
315,0.036323798820376396,0.007383296266198158,0.028940502554178238
316,0.03477043379098177,0.007163343019783497,0.027607090771198273
317,0.036052306182682514,0.0071453554555773735,0.02890695072710514
318,0.036676112562417984,0.007369557395577431,0.029306555166840553
319,0.03575668949633837,0.007366175763309002,0.028390513733029366
320,0.03492187010124326,0.007299129385501146,0.02762274071574211
321,0.03453747648745775,0.007222370244562626,0.027315106242895126
322,0.0358527572825551,0.007567736320197582,0.02828502096235752
323,0.03420397453010082,0.007180389016866684,0.02702358551323414
324,0.03501225169748068,0.007319469936192036,0.027692781761288643
325,0.035469566471874714,0.007377308793365955,0.02809225767850876
326,0.03505501430481672,0.007165589369833469,0.027889424934983253
327,0.03378772363066673,0.007072513923048973,0.02671520970761776
328,0.034725476521998644,0.007201942149549723,0.02752353437244892
329,0.03398846881464124,0.007349638734012842,0.026638830080628395
330,0.03526531718671322,0.00722084753215313,0.02804446965456009
331,0.03482118062674999,0.006929265335202217,0.027891915291547775
332,0.035287726670503616,0.006981592625379562,0.028306134045124054
333,0.03371770028024912,0.006833796389400959,0.02688390389084816
334,0.034603496082127094,0.006762868724763393,0.0278406273573637
335,0.03477947600185871,0.006856795400381088,0.027922680601477623
336,0.03370091412216425,0.006787034682929516,0.026913879439234734
337,0.03443259093910456,0.007028608582913876,0.02740398235619068
338,0.03514620382338762,0.007101734168827534,0.02804446965456009
339,0.03497950220480561,0.0068116807378828526,0.02816782146692276
340,0.03475974313914776,0.006877277046442032,0.027882466092705727
341,0.03387014800682664,0.0069668409414589405,0.0269033070653677
342,0.03368819784373045,0.00722349900752306,0.02646469883620739
343,0.03436619136482477,0.00673170480877161,0.02763448655605316
344,0.03460133448243141,0.006855251267552376,0.027746083214879036
345,0.03517862223088741,0.006881406530737877,0.028297215700149536
346,0.03355069924145937,0.006978861056268215,0.026571838185191154
347,0.03365282900631428,0.006684189662337303,0.026968639343976974
348,0.034342811442911625,0.006599028594791889,0.027743782848119736
349,0.034636917524039745,0.006930517964065075,0.02770639955997467
350,0.0330447880551219,0.006721503101289272,0.026323284953832626
351,0.03338382486253977,0.006602172739803791,0.026781652122735977
352,0.03253296669572592,0.006797243840992451,0.025735722854733467
353,0.03313777782022953,0.006708525121212006,0.026429252699017525
354,0.03271414525806904,0.00654437392950058,0.02616977132856846
355,0.03266311250627041,0.006621401757001877,0.026041710749268532
356,0.03248254023492336,0.006641928106546402,0.02584061212837696
357,0.03258188348263502,0.006229790858924389,0.026352092623710632
358,0.03313133353367448,0.006585149560123682,0.026546183973550797
359,0.03335218131542206,0.006541579961776733,0.026810601353645325
360,0.03306370787322521,0.006774170324206352,0.02628953754901886
361,0.03286897158250213,0.006329953204840422,0.026539018377661705
362,0.03356404323130846,0.006306749768555164,0.027257293462753296
363,0.03326268680393696,0.006523068994283676,0.026739617809653282
364,0.032057302072644234,0.006531599909067154,0.02552570216357708
365,0.03311724681407213,0.006558184511959553,0.02655906230211258
366,0.03173248004168272,0.0064505888149142265,0.025281891226768494
367,0.033190746791660786,0.006495135836303234,0.02669561095535755
368,0.03385118022561073,0.006613479927182198,0.027237700298428535
369,0.0329711614176631,0.0062965163961052895,0.026674645021557808
370,0.03172676917165518,0.006255733780562878,0.0254710353910923
371,0.032655293587595224,0.006423464510589838,0.026231829077005386
372,0.032293114345520735,0.006291271653026342,0.026001842692494392
373,0.03301137965172529,0.0064542340114712715,0.02655714564025402
374,0.03267194190993905,0.006443812046200037,0.026228129863739014
375,0.03244927618652582,0.006222818978130817,0.026226457208395004
376,0.03250337950885296,0.006491197273135185,0.026012182235717773
377,0.032222813460975885,0.006249273661524057,0.025973539799451828
378,0.031650280114263296,0.006552280392497778,0.025097999721765518
379,0.031971109099686146,0.00634648185223341,0.025624627247452736
380,0.03166582062840462,0.006175883114337921,0.025489937514066696
381,0.031834070570766926,0.0061731403693556786,0.025660930201411247
382,0.0317923566326499,0.00650679599493742,0.02528556063771248
383,0.03163385018706322,0.006262533366680145,0.025371316820383072
384,0.0314452089369297,0.0064435191452503204,0.025001689791679382
385,0.03187453094869852,0.006267637945711613,0.025606893002986908
386,0.03139238664880395,0.006369010079652071,0.02502337656915188
387,0.0326103325933218,0.005981689319014549,0.02662864327430725
388,0.03163114469498396,0.005996807478368282,0.025634337216615677
389,0.03107990464195609,0.006094041746109724,0.024985862895846367
390,0.031083939597010612,0.00606917031109333,0.025014769285917282
391,0.031458379700779915,0.006260393187403679,0.025197986513376236
392,0.03143249358981848,0.006078616715967655,0.025353876873850822
393,0.03250128123909235,0.006021912209689617,0.026479369029402733
394,0.03118471335619688,0.006119082681834698,0.025065630674362183
395,0.031383256427943707,0.006084098480641842,0.025299157947301865
396,0.031229711137712002,0.0063848914578557014,0.0248448196798563
397,0.0310154864564538,0.006181255914270878,0.024834230542182922
398,0.0314528220333159,0.005893234629184008,0.02555958740413189
399,0.0324552315287292,0.006129245739430189,0.02632598578929901
400,0.03180848993360996,0.0062153637409210205,0.025593126192688942
401,0.03060051752254367,0.006209384184330702,0.024391133338212967
402,0.03104044869542122,0.006006486713886261,0.025033961981534958
403,0.030983787961304188,0.006034013815224171,0.024949774146080017
404,0.03114793263375759,0.006219206377863884,0.024928726255893707
405,0.0315851136110723,0.006068238522857428,0.025516875088214874
406,0.031037834472954273,0.006057669408619404,0.02498016506433487
407,0.030843226704746485,0.006031750235706568,0.024811476469039917
408,0.03083922527730465,0.0060670990496873856,0.024772126227617264
409,0.029743980150669813,0.005864336621016264,0.02387964352965355
410,0.030241486616432667,0.0059986719861626625,0.024242814630270004
411,0.03042279090732336,0.005831942893564701,0.02459084801375866
412,0.029830393847078085,0.005937432404607534,0.02389296144247055
413,0.030602780170738697,0.006019345484673977,0.02458343468606472
414,0.030558384023606777,0.0057615237310528755,0.0247968602925539
415,0.030872411094605923,0.005918462760746479,0.024953948333859444
416,0.029413473792374134,0.005790668539702892,0.023622805252671242
417,0.029473074711859226,0.0058533670380711555,0.02361970767378807
418,0.02937306370586157,0.005819535814225674,0.023553527891635895
419,0.030115660279989243,0.005564769729971886,0.024550890550017357
420,0.030549757182598114,0.005612213164567947,0.024937544018030167
421,0.03050472727045417,0.005912655498832464,0.024592071771621704
422,0.03003533836454153,0.005619673989713192,0.02441566437482834
423,0.03073724126443267,0.005981420632451773,0.024755820631980896
424,0.030149780213832855,0.005691764876246452,0.024458015337586403
425,0.029462613631039858,0.005397154483944178,0.02406545914709568
426,0.029978785198181868,0.005692297127097845,0.024286488071084023
427,0.02942943014204502,0.005841899663209915,0.023587530478835106
428,0.030710885766893625,0.005918907467275858,0.024791978299617767
429,0.029804027639329433,0.005898133851587772,0.02390589378774166
430,0.030120957642793655,0.005862219259142876,0.02425873838365078
431,0.029119089245796204,0.005804188549518585,0.02331490069627762
432,0.02951955795288086,0.005684090778231621,0.02383546717464924
433,0.030095461755990982,0.005695441737771034,0.024400020018219948
434,0.029663669411092997,0.005683027673512697,0.0239806417375803
435,0.029480906203389168,0.005685143172740936,0.02379576303064823
436,0.02953728288412094,0.005852639675140381,0.02368464320898056
437,0.02945699729025364,0.005854461342096329,0.02360253594815731
438,0.02973880060017109,0.005689091980457306,0.024049708619713783
439,0.029371846467256546,0.005550719797611237,0.02382112666964531
440,0.02954687410965562,0.005645582918077707,0.02390129119157791
441,0.029277986381202936,0.005366307217627764,0.023911679163575172
442,0.028758934698998928,0.005521121434867382,0.023237813264131546
443,0.02927244221791625,0.005595456343144178,0.023676985874772072
444,0.029433706309646368,0.005654844921082258,0.02377886138856411
445,0.028825758025050163,0.005572814494371414,0.02325294353067875
446,0.029802431352436543,0.005740203894674778,0.024062227457761765
447,0.030464109033346176,0.005597146227955818,0.024866962805390358
448,0.02844585757702589,0.0053396327421069145,0.023106224834918976
449,0.029090581461787224,0.005509005859494209,0.023581575602293015
450,0.029536685906350613,0.0055572716519236565,0.023979414254426956
451,0.028089999686926603,0.005472186487168074,0.02261781319975853
452,0.02959318272769451,0.005919281393289566,0.023673901334404945
453,0.02865837700664997,0.005543926730751991,0.02311445027589798
454,0.029622729867696762,0.005701398476958275,0.023921331390738487
455,0.029882865492254496,0.005324231926351786,0.02455863356590271
456,0.02974893245846033,0.005580076016485691,0.02416885644197464
457,0.029552974738180637,0.0053091878071427345,0.024243786931037903
458,0.0289081409573555,0.005484269931912422,0.023423871025443077
459,0.029466392006725073,0.005550758447498083,0.02391563355922699
460,0.028524117544293404,0.005621388554573059,0.022902728989720345
461,0.028696611523628235,0.005487523972988129,0.023209087550640106
462,0.029130956158041954,0.0053025055676698685,0.023828450590372086
463,0.02879203762859106,0.0052011096850037575,0.023590927943587303
464,0.029749632813036442,0.0055137136951088905,0.02423591911792755
465,0.02881578728556633,0.005415400490164757,0.023400386795401573
466,0.02882151398807764,0.005614263005554676,0.023207250982522964
467,0.029149947222322226,0.005329228471964598,0.023820718750357628
468,0.028630349785089493,0.005521371960639954,0.02310897782444954
469,0.028570987284183502,0.0051862262189388275,0.023384761065244675
470,0.02842277428135276,0.005353930871933699,0.02306884340941906
471,0.028561055194586515,0.005322353448718786,0.02323870174586773
472,0.02933742804452777,0.005390993785113096,0.023946434259414673
473,0.028269269037991762,0.005558656994253397,0.022710612043738365
474,0.027382138185203075,0.005415244959294796,0.02196689322590828
475,0.027767764404416084,0.0054026395082473755,0.02236512489616871
476,0.02812129771336913,0.005558678414672613,0.022562619298696518
477,0.029136992525309324,0.005264784675091505,0.02387220785021782
478,0.027400711551308632,0.005129370838403702,0.02227134071290493
479,0.028336411342024803,0.005402812734246254,0.02293359860777855
480,0.02887839265167713,0.005565367639064789,0.023313025012612343
481,0.028261497616767883,0.0052855052053928375,0.022975992411375046
482,0.028889921493828297,0.005410005338490009,0.023479916155338287
483,0.02789326012134552,0.005438119173049927,0.022455140948295593
484,0.02844785200431943,0.0052516222931444645,0.023196229711174965
485,0.02700149640440941,0.0051108114421367645,0.021890684962272644
486,0.02925597596913576,0.0053519150242209435,0.023904060944914818
487,0.027919983491301537,0.00539419986307621,0.022525783628225327
488,0.028638174757361412,0.005421807989478111,0.0232163667678833
489,0.0285843713209033,0.005150384269654751,0.02343398705124855
490,0.027364682406187057,0.005314595997333527,0.02205008640885353
491,0.028517670929431915,0.005390210077166557,0.023127460852265358
492,0.02755226520821452,0.00517312390729785,0.022379141300916672
493,0.028144102543592453,0.005208050832152367,0.022936051711440086
494,0.02821672335267067,0.00515374168753624,0.02306298166513443
495,0.028322521597146988,0.005202334374189377,0.02312018722295761
496,0.028088039718568325,0.005135958082973957,0.022952081635594368
497,0.02862173318862915,0.005539488047361374,0.023082245141267776
498,0.028571202885359526,0.0052918023429811,0.023279400542378426
499,0.028130059130489826,0.005332448519766331,0.022797610610723495
500,0.02789773093536496,0.005150801036506891,0.02274692989885807
501,0.02803156618028879,0.005241435952484608,0.022790130227804184
502,0.027257122565060854,0.005360678303986788,0.021896444261074066
503,0.027303206734359264,0.005116024054586887,0.022187182679772377
504,0.0273573761805892,0.005242404527962208,0.02211497165262699
505,0.0269594369456172,0.005244803614914417,0.02171463333070278
506,0.027541176415979862,0.005291015841066837,0.022250160574913025
507,0.027465295046567917,0.005319634452462196,0.02214566059410572
508,0.02722272928804159,0.004951217211782932,0.02227151207625866
509,0.026779203210026026,0.005288951564580202,0.021490251645445824
510,0.026983883697539568,0.0052789864130318165,0.02170489728450775
511,0.027215889189392328,0.005281117279082537,0.02193477191030979
512,0.0273076924495399,0.00523398770019412,0.02207370474934578
513,0.027228214778006077,0.005370249040424824,0.021857965737581253
514,0.028015146031975746,0.0053171515464782715,0.022697994485497475
515,0.02745860442519188,0.005025796592235565,0.022432807832956314
516,0.02703945804387331,0.005093642510473728,0.021945815533399582
517,0.02783292531967163,0.0052772462368011475,0.022555679082870483
518,0.02797341998666525,0.005081704817712307,0.022891715168952942
519,0.028137093409895897,0.005149286240339279,0.022987807169556618
520,0.027784250676631927,0.0051974523812532425,0.022586798295378685
521,0.02678490709513426,0.005291431210935116,0.021493475884199142
522,0.026723330840468407,0.005073955282568932,0.021649375557899475
523,0.026455333456397057,0.004831826314330101,0.021623507142066956
524,0.027630437165498734,0.004886796697974205,0.02274364046752453
525,0.026331202127039433,0.005045154131948948,0.021286047995090485
526,0.026683127973228693,0.005187575239688158,0.021495552733540535
527,0.026618121191859245,0.005093846470117569,0.021524274721741676
528,0.026606817729771137,0.004902643151581287,0.02170417457818985
529,0.02669946849346161,0.005152102559804916,0.021547365933656693
530,0.026700276881456375,0.004965962842106819,0.021734314039349556
531,0.026398631744086742,0.004976819269359112,0.02142181247472763
532,0.027290266007184982,0.005152691155672073,0.02213757485151291
533,0.026321663055568933,0.005006919149309397,0.021314743906259537
534,0.027631997130811214,0.005069279111921787,0.022562718018889427
535,0.02636409830302,0.0049592843279242516,0.02140481397509575
536,0.027157198637723923,0.005096474662423134,0.02206072397530079
537,0.027146779466420412,0.004983192775398493,0.02216358669102192
538,0.026288988068699837,0.00487481988966465,0.021414168179035187
539,0.026914795860648155,0.005171293392777443,0.021743502467870712
540,0.02714470401406288,0.00484067015349865,0.022304033860564232
541,0.026652660220861435,0.004994979128241539,0.021657681092619896
542,0.028080477844923735,0.005251178052276373,0.022829299792647362
543,0.025587200187146664,0.005041270516812801,0.020545929670333862
544,0.026179146021604538,0.0049193985760211945,0.021259747445583344
545,0.025973220355808735,0.00499542523175478,0.020977795124053955
546,0.025644737295806408,0.004844396375119686,0.020800340920686722
547,0.025668475776910782,0.004885369911789894,0.020783105865120888
548,0.026337220799177885,0.005032991524785757,0.021304229274392128
549,0.027351004537194967,0.00509278429672122,0.022258220240473747
550,0.025866063311696053,0.004929540678858757,0.020936522632837296
551,0.026701762340962887,0.0051330747082829475,0.02156868763267994
552,0.02702311985194683,0.005117153748869896,0.021905966103076935
553,0.025930673349648714,0.005107151810079813,0.0208235215395689
554,0.025468602776527405,0.004913507029414177,0.020555095747113228
555,0.026436036452651024,0.004883073270320892,0.02155296318233013
556,0.02623250149190426,0.004862802103161812,0.021369699388742447
557,0.026653424836695194,0.004977176897227764,0.02167624793946743
558,0.026086650788784027,0.005156582221388817,0.02093006856739521
559,0.026499321684241295,0.0049316007643938065,0.02156772091984749
560,0.025863672606647015,0.0048400284722447395,0.021023644134402275
561,0.02637727279216051,0.004833574406802654,0.021543698385357857
562,0.026267833076417446,0.004679900594055653,0.021587932482361794
563,0.025647354777902365,0.004876002203673124,0.02077135257422924
564,0.027145649306476116,0.00485388096421957,0.022291768342256546
565,0.026153876446187496,0.005083304829895496,0.021070571616292
566,0.025728587061166763,0.004713879898190498,0.021014707162976265
567,0.026772131212055683,0.004754195921123028,0.022017935290932655
568,0.02599918842315674,0.005125869065523148,0.02087331935763359
569,0.025983748026192188,0.0048897722736001015,0.021093975752592087
570,0.02578077372163534,0.004637083970010281,0.02114368975162506
571,0.025879343040287495,0.004915864206850529,0.020963478833436966
572,0.02568935416638851,0.005040893331170082,0.02064846083521843
573,0.02543282276019454,0.004945957567542791,0.02048686519265175
574,0.026273450814187527,0.004859934560954571,0.021413516253232956
575,0.025936496444046497,0.004898144863545895,0.021038351580500603
576,0.02520662173628807,0.00485198013484478,0.02035464160144329
577,0.025005897972732782,0.004798379261046648,0.020207518711686134
578,0.025590877048671246,0.004811561666429043,0.020779315382242203
579,0.02520974911749363,0.004857739433646202,0.020352009683847427
580,0.026293491944670677,0.00479019433259964,0.021503297612071037
581,0.0256675248965621,0.004734640009701252,0.020932884886860847
582,0.02548669232055545,0.004701291676610708,0.02078540064394474
583,0.025048996321856976,0.0047448379918932915,0.020304158329963684
584,0.025341318920254707,0.004818657413125038,0.02052266150712967
585,0.025038868188858032,0.00494006834924221,0.020098799839615822
586,0.02644867915660143,0.0049051521345973015,0.021543527022004128
587,0.026024014689028263,0.004943861626088619,0.021080153062939644
588,0.025437492411583662,0.004787537734955549,0.020649954676628113
589,0.024460037238895893,0.004848073236644268,0.019611964002251625
590,0.025050831958651543,0.004793217405676842,0.0202576145529747
591,0.026193413883447647,0.004880545660853386,0.02131286822259426
592,0.02595158852636814,0.004866411909461021,0.02108517661690712
593,0.026295186951756477,0.004796961322426796,0.02149822562932968
594,0.025597454980015755,0.004632720723748207,0.020964734256267548
595,0.024992808233946562,0.004809623118489981,0.02018318511545658
596,0.02591849770396948,0.0048784660175442696,0.02104003168642521
597,0.025644532404839993,0.004753259010612965,0.020891273394227028
598,0.025108016096055508,0.0049773650243878365,0.02013065107166767
599,0.025483488105237484,0.004731171764433384,0.0207523163408041
600,0.024957112036645412,0.004895548336207867,0.020061563700437546
601,0.025430351961404085,0.004705716390162706,0.02072463557124138
602,0.026025845669209957,0.004718930460512638,0.02130691520869732
603,0.02642659330740571,0.0048308526165783405,0.02159574069082737
604,0.02494676783680916,0.004748959094285965,0.020197808742523193
605,0.024621042422950268,0.004621018655598164,0.020000023767352104
606,0.02521313540637493,0.004778636619448662,0.02043449878692627
607,0.02548933168873191,0.004842811729758978,0.02064651995897293
608,0.024856497067958117,0.004753754008561373,0.020102743059396744
609,0.025810936465859413,0.004800597205758095,0.02101033926010132
610,0.025207895319908857,0.004646012093871832,0.020561883226037025
611,0.025501453317701817,0.0046114688739180565,0.02088998444378376
612,0.024978595785796642,0.004773234017193317,0.020205361768603325
613,0.02596849389374256,0.004497837275266647,0.021470656618475914
614,0.024979874026030302,0.004700684454292059,0.020279189571738243
615,0.025013628415763378,0.004726781509816647,0.02028684690594673
616,0.025537553243339062,0.004727001301944256,0.020810551941394806
617,0.024934958666563034,0.004522312432527542,0.020412646234035492
618,0.024997795931994915,0.004514544270932674,0.02048325166106224
619,0.02487021591514349,0.004599529318511486,0.020270686596632004
620,0.02489888994023204,0.0048530991189181805,0.020045790821313858
621,0.024981699883937836,0.004558250308036804,0.02042344957590103
622,0.0257218349725008,0.004551908001303673,0.02116992697119713
623,0.023649190086871386,0.004729362670332193,0.018919827416539192
624,0.024548128247261047,0.004540992900729179,0.020007135346531868
625,0.02574599999934435,0.004569056443870068,0.02117694355547428
626,0.025492120068520308,0.004640915896743536,0.02085120417177677
627,0.024204939603805542,0.004549767822027206,0.019655171781778336
628,0.024673691019415855,0.004669910296797752,0.020003780722618103
629,0.02398652769625187,0.004554871469736099,0.01943165622651577
630,0.02425997145473957,0.004544759169220924,0.019715212285518646
631,0.024148412514477968,0.004418172407895327,0.01973024010658264
632,0.02553851343691349,0.004794757813215256,0.020743755623698235
633,0.02404896728694439,0.004480928182601929,0.01956803910434246
634,0.024176085367798805,0.0046207718551158905,0.019555313512682915
635,0.02537426631897688,0.004712526686489582,0.020661739632487297
636,0.024251298047602177,0.00424403790384531,0.020007260143756866
637,0.02492405055090785,0.004672979470342398,0.020251071080565453
638,0.024386565666645765,0.004690031986683607,0.019696533679962158
639,0.024129025638103485,0.004676509648561478,0.019452515989542007
640,0.024642903357744217,0.004860268905758858,0.01978263445198536
641,0.02460098173469305,0.004427666775882244,0.020173314958810806
642,0.025198408402502537,0.004668557085096836,0.0205298513174057
643,0.02491218037903309,0.004519164562225342,0.020393015816807747
644,0.025178348179906607,0.004729786422103643,0.020448561757802963
645,0.024289454333484173,0.004485820420086384,0.01980363391339779
646,0.02414164785295725,0.004496750421822071,0.019644897431135178
647,0.02349125174805522,0.004663750063627958,0.01882750168442726
648,0.024999506771564484,0.004526481032371521,0.020473025739192963
649,0.024773803539574146,0.004632000811398029,0.020141802728176117
650,0.02399906888604164,0.004569558426737785,0.019429510459303856
651,0.02446762565523386,0.004638179205358028,0.01982944644987583
652,0.02468737680464983,0.004704439081251621,0.01998293772339821
653,0.02398405224084854,0.004497632384300232,0.01948641985654831
654,0.02489793347194791,0.004345322493463755,0.020552610978484154
655,0.024356689304113388,0.004309609532356262,0.020047079771757126
656,0.024834458716213703,0.004444335587322712,0.02039012312889099
657,0.024738161824643612,0.004568775184452534,0.020169386640191078
658,0.024738666601479053,0.004587129689753056,0.020151536911725998
659,0.02423695381730795,0.004450355656445026,0.019786598160862923
660,0.024793154560029507,0.004467136226594448,0.02032601833343506
661,0.023885861970484257,0.004476943053305149,0.019408918917179108
662,0.024891408160328865,0.0045217908918857574,0.020369617268443108
663,0.024415174964815378,0.004609831143170595,0.019805343821644783
664,0.02434897143393755,0.004624136723577976,0.019724834710359573
665,0.02485981211066246,0.004538200795650482,0.020321611315011978
666,0.024684244766831398,0.004608592018485069,0.02007565274834633
667,0.023896175902336836,0.004601254593580961,0.019294921308755875
668,0.02328829001635313,0.0045768944546580315,0.0187113955616951
669,0.023868069052696228,0.004439020529389381,0.019429048523306847
670,0.02398263057693839,0.004529695492237806,0.019452935084700584
671,0.023961403872817755,0.004517282824963331,0.019444121047854424
672,0.02310893964022398,0.004527480341494083,0.018581459298729897
673,0.024348453152924776,0.004643382970243692,0.019705070182681084
674,0.02433038130402565,0.0045686811208724976,0.019761700183153152
675,0.02491763513535261,0.004527662880718708,0.020389972254633904
676,0.02460819762200117,0.004457126371562481,0.02015107125043869
677,0.024013120215386152,0.004371482413262129,0.019641637802124023
678,0.02442165557295084,0.004378804005682468,0.02004285156726837
679,0.023519539274275303,0.004570561461150646,0.018948977813124657
680,0.02392103523015976,0.004313699901103973,0.019607335329055786
681,0.02347115520387888,0.004313702695071697,0.019157452508807182
682,0.024149250239133835,0.004495684057474136,0.0196535661816597
683,0.023739024065434933,0.004274318926036358,0.019464705139398575
684,0.02379860170185566,0.0044321417808532715,0.019366459921002388
685,0.022939489223062992,0.004390650428831577,0.018548838794231415
686,0.023711184039711952,0.0044074393808841705,0.01930374465882778
687,0.023711823858320713,0.00455091055482626,0.019160913303494453
688,0.02334983740001917,0.0045081255957484245,0.018841711804270744
689,0.023825020994991064,0.004380978178232908,0.019444042816758156
690,0.023372730240225792,0.00436861626803875,0.019004113972187042
691,0.023565178737044334,0.004487251862883568,0.019077926874160767
692,0.02456703782081604,0.0044943783432245255,0.020072659477591515
693,0.023268992081284523,0.004523932933807373,0.01874505914747715
694,0.0237417696043849,0.00448139663785696,0.01926037296652794
695,0.023500462993979454,0.004332207143306732,0.019168255850672722
696,0.02361909719184041,0.004257452208548784,0.019361644983291626
697,0.02348187705501914,0.0047098263166844845,0.018772050738334656
698,0.024553490336984396,0.004524716641753912,0.020028773695230484
699,0.023553448729217052,0.004236140288412571,0.01931730844080448
700,0.02414505137130618,0.004519549664109945,0.019625501707196236
701,0.022823268547654152,0.004518171772360802,0.01830509677529335
702,0.024365907069295645,0.004543497692793608,0.019822409376502037
703,0.023487753234803677,0.004064538516104221,0.019423214718699455
704,0.024125262163579464,0.0042328303679823875,0.019892431795597076
705,0.023591460660099983,0.00434010848402977,0.019251352176070213
706,0.024251452647149563,0.004369455389678478,0.019881997257471085
707,0.024331001564860344,0.0043845586478710175,0.019946442916989326
708,0.024330010637640953,0.004594471305608749,0.019735539332032204
709,0.023273128550499678,0.004117188509553671,0.019155940040946007
710,0.0245324419811368,0.004147094674408436,0.020385347306728363
711,0.0229236395098269,0.004264677409082651,0.018658962100744247
712,0.023727813269943,0.004352962132543325,0.019374851137399673
713,0.024172228295356035,0.004513120744377375,0.01965910755097866
714,0.02468657586723566,0.0041350023820996284,0.020551573485136032
715,0.023500166833400726,0.004643745720386505,0.01885642111301422
716,0.023186083883047104,0.004322335124015808,0.018863748759031296
717,0.024586814455688,0.0044711316004395485,0.02011568285524845
718,0.023563596419990063,0.004369144327938557,0.019194452092051506
719,0.024180271662771702,0.004514454863965511,0.01966581679880619
720,0.023834759835153818,0.004419129807502031,0.019415630027651787
721,0.0233863377943635,0.0044352831318974495,0.01895105466246605
722,0.02413936099037528,0.004397203680127859,0.01974215731024742
723,0.023025434464216232,0.004324052482843399,0.018701381981372833
724,0.024092338513582945,0.0043807788752019405,0.019711559638381004
725,0.022798532620072365,0.004579730331897736,0.01821880228817463
726,0.02393166534602642,0.004615623503923416,0.019316041842103004
727,0.023811004124581814,0.004499047063291073,0.01931195706129074
728,0.023316130507737398,0.004687415901571512,0.018628714606165886
729,0.023088844493031502,0.004436342045664787,0.018652502447366714
730,0.024178910069167614,0.004311091266572475,0.01986781880259514
731,0.023042624816298485,0.004501938819885254,0.01854068599641323
732,0.02365814335644245,0.00437224842607975,0.0192858949303627
733,0.023336139507591724,0.004279823042452335,0.01905631646513939
734,0.02348961913958192,0.004440989810973406,0.019048629328608513
735,0.023207963444292545,0.004408867098391056,0.01879909634590149
736,0.0228451294824481,0.004584277980029583,0.018260851502418518
737,0.023932574782520533,0.004410209599882364,0.01952236518263817
738,0.023690683767199516,0.004398860037326813,0.019291823729872704
739,0.023882075678557158,0.00427980488166213,0.019602270796895027
740,0.02341398037970066,0.004396088421344757,0.019017891958355904
741,0.023126100189983845,0.004378913901746273,0.01874718628823757
742,0.023276743479073048,0.004338742233812809,0.01893800124526024
743,0.023256834130734205,0.004234792198985815,0.01902204193174839
744,0.022980861365795135,0.0042930059134960175,0.018687855452299118
745,0.02341756597161293,0.004178369417786598,0.019239196553826332
746,0.02336871810257435,0.004465987905859947,0.0189027301967144
747,0.022861902602016926,0.004248377867043018,0.018613524734973907
748,0.02210587589070201,0.00429700268432498,0.01780887320637703
749,0.022875132970511913,0.0042831143364310265,0.018592018634080887
750,0.023709545377641916,0.004376547876745462,0.019332997500896454
751,0.02263740263879299,0.004448585212230682,0.01818881742656231
752,0.022546629421412945,0.004098092205822468,0.018448537215590477
753,0.022724974900484085,0.0042915381491184235,0.01843343675136566
754,0.021996541414409876,0.004392382223159075,0.0176041591912508
755,0.023522249422967434,0.004270707257091999,0.019251542165875435
756,0.02254301682114601,0.004391415044665337,0.018151601776480675
757,0.0228049848228693,0.004216890782117844,0.018588094040751457
758,0.022634238936007023,0.004293852485716343,0.01834038645029068
759,0.02373940497636795,0.004469741135835648,0.019269663840532303
760,0.0229266295209527,0.004205652512609959,0.018720977008342743
761,0.024008414708077908,0.004404752515256405,0.019603662192821503
762,0.02300825621932745,0.0040449900552630424,0.018963266164064407
763,0.022871459368616343,0.003980517853051424,0.01889094151556492
764,0.02158535085618496,0.004177525639533997,0.017407825216650963
765,0.023936839308589697,0.00419682776555419,0.019740011543035507
766,0.02306380122900009,0.0043515972793102264,0.018712203949689865
767,0.022653711959719658,0.004256535321474075,0.018397176638245583
768,0.02332337386906147,0.004353735595941544,0.018969638273119926
769,0.02328491723164916,0.004242082592099905,0.019042834639549255
770,0.022881368175148964,0.004107173532247543,0.01877419464290142
771,0.023277133237570524,0.004380566533654928,0.018896566703915596
772,0.022155839018523693,0.004084636457264423,0.01807120256125927
773,0.023739589378237724,0.004342054948210716,0.019397534430027008
774,0.0229977834969759,0.004123333841562271,0.018874449655413628
775,0.0227217860519886,0.004284191876649857,0.018437594175338745
776,0.023587794974446297,0.004267469048500061,0.019320325925946236
777,0.022387057542800903,0.004231603816151619,0.018155453726649284
778,0.02262188494205475,0.004294212907552719,0.01832767203450203
779,0.02269447222352028,0.004001054912805557,0.01869341731071472
780,0.022014659829437733,0.003955637104809284,0.01805902272462845
781,0.02240254543721676,0.004069764167070389,0.01833278127014637
782,0.02260821359232068,0.004220247734338045,0.018387965857982635
783,0.02268315851688385,0.0041301436722278595,0.01855301484465599
784,0.022187629714608192,0.004322852939367294,0.017864776775240898
785,0.02278976421803236,0.0041830530390143394,0.01860671117901802
786,0.022402767091989517,0.004143087193369865,0.018259679898619652
787,0.02276690723374486,0.00428524287417531,0.01848166435956955
788,0.021978008095175028,0.004198460374027491,0.017779547721147537
789,0.022696135565638542,0.004148416221141815,0.018547719344496727
790,0.023364816792309284,0.00420673843473196,0.019158078357577324
791,0.022678473498672247,0.004216569941490889,0.01846190355718136
792,0.02248874818906188,0.004248350393027067,0.018240397796034813
793,0.022549079731106758,0.0042109414935112,0.018338138237595558
794,0.021279306150972843,0.004176291637122631,0.017103014513850212
795,0.022550036665052176,0.0042330059222877026,0.018317030742764473
796,0.021974169183522463,0.004134880844503641,0.01783928833901882
797,0.021693892776966095,0.004069983959197998,0.017623908817768097
798,0.022807474713772535,0.004128520842641592,0.018678953871130943
799,0.0227056872099638,0.004212159663438797,0.018493527546525
800,0.022967920172959566,0.004065478686243296,0.01890244148671627
801,0.022441960871219635,0.004099510610103607,0.018342450261116028
802,0.022721103858202696,0.004084480460733175,0.01863662339746952
803,0.02224963903427124,0.0043462589383125305,0.01790338009595871
804,0.022969852201640606,0.004154234193265438,0.018815618008375168
805,0.02276866277679801,0.004273879807442427,0.018494782969355583
806,0.02245591441169381,0.0042182584293186665,0.018237655982375145
807,0.0223306929692626,0.004216398112475872,0.018114294856786728
808,0.021328408736735582,0.004018884617835283,0.0173095241189003
809,0.02314266888424754,0.004090640228241682,0.01905202865600586
810,0.02190773282200098,0.004183986224234104,0.017723746597766876
811,0.022307809442281723,0.004115816205739975,0.018191993236541748
812,0.0219702641479671,0.004236720036715269,0.01773354411125183
813,0.022899365052580833,0.0042044129222631454,0.018694952130317688
814,0.02246368769556284,0.004293006844818592,0.018170680850744247
815,0.021395877934992313,0.004137714393436909,0.017258163541555405
816,0.021501172333955765,0.004270762205123901,0.017230410128831863
817,0.022157388739287853,0.004222028888761997,0.017935359850525856
818,0.021317647770047188,0.00400765985250473,0.017309987917542458
819,0.02288348786532879,0.004024812951683998,0.01885867491364479
820,0.02150896657258272,0.004155878908932209,0.017353087663650513
821,0.022101436741650105,0.004091161303222179,0.018010275438427925
822,0.022264229133725166,0.0040524061769247055,0.01821182295680046
823,0.021801347844302654,0.0043570855632424355,0.01744426228106022
824,0.022650747559964657,0.004111756570637226,0.01853899098932743
825,0.02199934097006917,0.0040564690716564655,0.017942871898412704
826,0.021957884542644024,0.004108012653887272,0.017849871888756752
827,0.021952799521386623,0.004105406813323498,0.017847392708063126
828,0.021730790846049786,0.0041915616020560265,0.01753922924399376
829,0.023084083572030067,0.0039222147315740585,0.01916186884045601
830,0.02259127516299486,0.004079763777554035,0.018511511385440826
831,0.021685156039893627,0.0040439339354634285,0.0176412221044302
832,0.02148733986541629,0.003960938658565283,0.017526401206851006
833,0.02246910845860839,0.004171464126557112,0.018297644332051277
834,0.021797994151711464,0.00405564159154892,0.017742352560162544
835,0.022755452431738377,0.004163763485848904,0.018591688945889473
836,0.021901197731494904,0.003996852785348892,0.01790434494614601
837,0.021938711404800415,0.004107801243662834,0.01783091016113758
838,0.02268826588988304,0.004053940996527672,0.01863432489335537
839,0.021892172284424305,0.003955834545195103,0.017936337739229202
840,0.021437352523207664,0.0039723459631204605,0.017465006560087204
841,0.021259691566228867,0.004080956801772118,0.01717873476445675
842,0.02107987506315112,0.003986948635429144,0.017092926427721977
843,0.022724858485162258,0.004220257513225079,0.01850460097193718
844,0.021457620430737734,0.004001560155302286,0.017456060275435448
845,0.02216147631406784,0.003996340557932854,0.018165135756134987
846,0.022144262213259935,0.003944864962249994,0.01819939725100994
847,0.02098899893462658,0.004029432311654091,0.01695956662297249
848,0.02192797651514411,0.003905955236405134,0.018022021278738976
849,0.020808495581150055,0.004059989005327225,0.01674850657582283
850,0.02141400659456849,0.004074650350958109,0.017339356243610382
851,0.02113418933004141,0.003886810503900051,0.017247378826141357
852,0.021382884122431278,0.004018294624984264,0.017364589497447014
853,0.021736206952482462,0.004080906976014376,0.017655299976468086
854,0.022176474332809448,0.003968963399529457,0.01820751093327999
855,0.022570807952433825,0.0040648882277309895,0.018505919724702835
856,0.021925169974565506,0.004045750945806503,0.017879419028759003
857,0.021502346731722355,0.004060518927872181,0.017441827803850174
858,0.020936161745339632,0.003947914112359285,0.016988247632980347
859,0.022339172661304474,0.004152936860918999,0.018186235800385475
860,0.022112885490059853,0.004130663350224495,0.017982222139835358
861,0.022253189701586962,0.0042192027904093266,0.018033986911177635
862,0.021745063364505768,0.0039833784103393555,0.017761684954166412
863,0.022589776199311018,0.003891646396368742,0.018698129802942276
864,0.02115738345310092,0.004157538991421461,0.01699984446167946
865,0.02186496090143919,0.004127333872020245,0.017737627029418945
866,0.021613262128084898,0.004152463283389807,0.01746079884469509
867,0.02177367126569152,0.0041381060145795345,0.017635565251111984
868,0.021113920956850052,0.004090258851647377,0.017023662105202675
869,0.021737154573202133,0.004008889198303223,0.01772826537489891
870,0.021758895833045244,0.004059980157762766,0.01769891567528248
871,0.02268416713923216,0.004153757356107235,0.018530409783124924
872,0.02194968517869711,0.00417728628963232,0.01777239888906479
873,0.022336133755743504,0.004018220119178295,0.01831791363656521
874,0.020650046411901712,0.003966549877077341,0.01668349653482437
875,0.022031166590750217,0.003934313543140888,0.01809685304760933
876,0.021892317570745945,0.0041061462834477425,0.017786171287298203
877,0.021373618859797716,0.004044553730636835,0.01732906512916088
878,0.021166430786252022,0.004089176654815674,0.017077254131436348
879,0.021591387456282973,0.0038933397736400366,0.017698047682642937
880,0.02145719062536955,0.003969631157815456,0.017487559467554092
881,0.021580765955150127,0.003941821865737438,0.01763894408941269
882,0.02121137175709009,0.0038982005789875984,0.017313171178102493
883,0.02100374549627304,0.004215959459543228,0.016787786036729813
884,0.02153551299124956,0.004039975814521313,0.01749553717672825
885,0.02174482448026538,0.004196676891297102,0.017548147588968277
886,0.02191824186593294,0.003996455110609531,0.01792178675532341
887,0.021518916357308626,0.003988864365965128,0.017530051991343498
888,0.020966765470802784,0.003897513262927532,0.017069252207875252
889,0.02171741472557187,0.003970910329371691,0.01774650439620018
890,0.021097439108416438,0.0039032294880598783,0.01719420962035656
891,0.02167678903788328,0.004102115519344807,0.017574673518538475
892,0.020478570833802223,0.004190012812614441,0.016288558021187782
893,0.021376123651862144,0.004145178943872452,0.017230944707989693
894,0.02112091053277254,0.004086547531187534,0.017034363001585007
895,0.021615296602249146,0.0038773827254772186,0.017737913876771927
896,0.02118310146033764,0.004018338397145271,0.017164763063192368
897,0.02101194765418768,0.003993946127593517,0.017018001526594162
898,0.021272179670631886,0.003956313244998455,0.01731586642563343
899,0.02129733143374324,0.0041156369261443615,0.017181694507598877
900,0.02127603581175208,0.0039838808588683605,0.01729215495288372
901,0.02123419288545847,0.00400590430945158,0.01722828857600689
902,0.02112337201833725,0.004064897075295448,0.0170584749430418
903,0.021036452613770962,0.0039342911913990974,0.017102161422371864
904,0.021244588773697615,0.004083951469510794,0.01716063730418682
905,0.021677818149328232,0.003749607130885124,0.017928211018443108
906,0.02145597105845809,0.003991795238107443,0.017464175820350647
907,0.020844604820013046,0.003936426714062691,0.016908178105950356
908,0.021597649436444044,0.0038989963941276073,0.017698653042316437
909,0.021530562080442905,0.0038054166361689568,0.01772514544427395
910,0.02139274077489972,0.003852189052850008,0.017540551722049713
911,0.02083743643015623,0.004031089134514332,0.0168063472956419
912,0.02167624467983842,0.00384780066087842,0.01782844401896
913,0.021329990588128567,0.003951686434447765,0.0173783041536808
914,0.020222381688654423,0.003916963003575802,0.01630541868507862
915,0.0208475305698812,0.004061307292431593,0.016786223277449608
916,0.02240360202267766,0.0038781934417784214,0.01852540858089924
917,0.020845252089202404,0.00397117342799902,0.016874078661203384
918,0.02130468189716339,0.003913223743438721,0.01739145815372467
919,0.020830533234402537,0.003868651343509555,0.016961881890892982
920,0.021209924016147852,0.004003834445029497,0.017206089571118355
921,0.020988592877984047,0.0039100442081689835,0.017078548669815063
922,0.020873792469501495,0.004071611911058426,0.01680218055844307
923,0.021193928783759475,0.0037940216716378927,0.017399907112121582
924,0.021091026719659567,0.00396891450509429,0.017122112214565277
925,0.02072120225057006,0.003929342608898878,0.01679185964167118
926,0.020936104003340006,0.003955442924052477,0.01698066107928753
927,0.02179211238399148,0.0038786125369369984,0.01791349984705448
928,0.021024647634476423,0.0037753856740891933,0.01724926196038723
929,0.020558247808367014,0.004011247772723436,0.016547000035643578
930,0.021174390334635973,0.003984332550317049,0.017190057784318924
931,0.021080840844660997,0.003931163344532251,0.017149677500128746
932,0.020001102704554796,0.003931388724595308,0.016069713979959488
933,0.020862387493252754,0.004057655110955238,0.016804732382297516
934,0.02085059229284525,0.004002475179731846,0.016848117113113403
935,0.02071572281420231,0.00412711501121521,0.0165886078029871
936,0.020847506588324904,0.003801960265263915,0.01704554632306099
937,0.020985273644328117,0.003946572542190552,0.017038701102137566
938,0.020300712436437607,0.003846762701869011,0.016453949734568596
939,0.020863375160843134,0.0037960619665682316,0.017067313194274902
940,0.021063660737127066,0.003909039776772261,0.017154620960354805
941,0.020732253789901733,0.0038205329328775406,0.016911720857024193
942,0.020969797857105732,0.004228864796459675,0.016740933060646057
943,0.021281219320371747,0.0038381752092391253,0.017443044111132622
944,0.02098911441862583,0.0038582459092140198,0.017130868509411812
945,0.02099836291745305,0.003810290712863207,0.017188072204589844
946,0.02098701149225235,0.004039870575070381,0.01694714091718197
947,0.021184860728681087,0.003987097181379795,0.017197763547301292
948,0.02089242823421955,0.0038805101066827774,0.017011918127536774
949,0.021054862067103386,0.004138272255659103,0.016916589811444283
950,0.019868519390001893,0.0036699234042316675,0.016198595985770226
951,0.020044578704982996,0.0037605823017656803,0.016283996403217316
952,0.020671787904575467,0.0038174979854375124,0.016854289919137955
953,0.02006932278163731,0.0038850728888064623,0.01618424989283085
954,0.02152792178094387,0.003966141492128372,0.0175617802888155
955,0.02112513780593872,0.004126356914639473,0.016998780891299248
956,0.020866616163402796,0.003977422136813402,0.016889194026589394
957,0.021083181723952293,0.0038930904120206833,0.01719009131193161
958,0.02127509657293558,0.0039013540372252464,0.017373742535710335
959,0.020394137129187584,0.003886749967932701,0.016507387161254883
960,0.02043706551194191,0.0036777127534151077,0.016759352758526802
961,0.02009656373411417,0.003784152679145336,0.016312411054968834
962,0.021851560100913048,0.004106510430574417,0.01774504967033863
963,0.02090348955243826,0.003909126855432987,0.016994362697005272
964,0.019914584700018167,0.003815064672380686,0.01609952002763748
965,0.02107021724805236,0.0038764416240155697,0.01719377562403679
966,0.020162032917141914,0.0036734938621520996,0.016488539054989815
967,0.021076038479804993,0.003952471539378166,0.017123566940426826
968,0.020357847213745117,0.0037074722349643707,0.016650374978780746
969,0.020286882761865854,0.003662704024463892,0.016624178737401962
970,0.02086151111871004,0.003861422650516033,0.017000088468194008
971,0.0202237069606781,0.003774607554078102,0.0164490994066
972,0.02154580596834421,0.004110652022063732,0.01743515394628048
973,0.020861527882516384,0.0038101552054286003,0.017051372677087784
974,0.02047865930944681,0.003699501045048237,0.016779158264398575
975,0.019808403681963682,0.003695619758218527,0.016112783923745155
976,0.020881205797195435,0.004054855555295944,0.01682635024189949
977,0.02095796260982752,0.003915418870747089,0.01704254373908043
978,0.020445310045033693,0.0037889056839048862,0.016656404361128807
979,0.0207757456228137,0.003926428966224194,0.016849316656589508
980,0.01981804333627224,0.003841102123260498,0.01597694121301174
981,0.02058163587935269,0.003875917987897992,0.016705717891454697
982,0.02003838587552309,0.003953841514885426,0.016084544360637665
983,0.02081290539354086,0.0038908692076802254,0.016922036185860634
984,0.021276039769873023,0.003860568394884467,0.017415471374988556
985,0.020884459605440497,0.0037927625235170126,0.017091697081923485
986,0.020871502347290516,0.004084023647010326,0.01678747870028019
987,0.021042027045041323,0.004023191053420305,0.017018835991621017
988,0.020257169380784035,0.003911502659320831,0.016345666721463203
989,0.020210169721394777,0.0037880991585552692,0.016422070562839508
990,0.020397494547069073,0.004025225527584553,0.01637226901948452
991,0.019838321954011917,0.0038651693612337112,0.015973152592778206
992,0.020890156738460064,0.003921604715287685,0.01696855202317238
993,0.020173396449536085,0.0038731596432626247,0.01630023680627346
994,0.01984109031036496,0.0038153422065079212,0.01602574810385704
995,0.02108381874859333,0.003908209502696991,0.01717560924589634
996,0.02054718811996281,0.003790703834965825,0.016756484284996986
997,0.020656725857406855,0.0037515745498239994,0.016905151307582855
998,0.021151704248040915,0.0037209424190223217,0.017430761829018593
999,0.01972900703549385,0.0037110690027475357,0.016017938032746315
1000,0.019972224486991763,0.003832786111161113,0.01613943837583065
1001,0.02028043777681887,0.0037395881954580545,0.016540849581360817
1002,0.020815603900700808,0.003960600588470697,0.01685500331223011
1003,0.020944451447576284,0.0038503888063132763,0.017094062641263008
1004,0.020538526121526957,0.0039027505554258823,0.016635775566101074
1005,0.01986685860902071,0.003907470963895321,0.01595938764512539
1006,0.02101338468492031,0.003905724734067917,0.017107659950852394
1007,0.02019476518034935,0.0038664843887090683,0.01632828079164028
1008,0.021316210040822625,0.0038349947426468134,0.017481215298175812
1009,0.020262795267626643,0.00389004941098392,0.016372745856642723
1010,0.02100754762068391,0.0037916176952421665,0.017215929925441742
1011,0.01982886530458927,0.003715312108397484,0.016113553196191788
1012,0.02068141521885991,0.0037701898254454136,0.016911225393414497
1013,0.020185951609164476,0.003853697795420885,0.01633225381374359
1014,0.020627737510949373,0.003812339622527361,0.016815397888422012
1015,0.020816908217966557,0.004002838395535946,0.01681406982243061
1016,0.019698738353326917,0.0037276141811162233,0.015971124172210693
1017,0.019870567601174116,0.003719001542776823,0.016151566058397293
1018,0.02140986267477274,0.0039059361442923546,0.017503926530480385
1019,0.01952789048664272,0.003748920513316989,0.01577896997332573
1020,0.02088108379393816,0.0039284927770495415,0.01695259101688862
1021,0.02054357761517167,0.0036477469839155674,0.016895830631256104
1022,0.02015096042305231,0.003969409503042698,0.016181550920009613
1023,0.02015218883752823,0.003856472671031952,0.016295716166496277
1024,0.02023331355303526,0.003626878373324871,0.016606435179710388
1025,0.020431237760931253,0.003899885807186365,0.01653135195374489
1026,0.020087416749447584,0.003810273017734289,0.016277143731713295
1027,0.02016287320293486,0.0036675056908279657,0.016495367512106895
1028,0.020735853351652622,0.0037795985117554665,0.016956254839897156
1029,0.01958381850272417,0.00369840394705534,0.01588541455566883
1030,0.02016130741685629,0.00361481960862875,0.01654648780822754
1031,0.020376409869641066,0.0037173531018197536,0.016659056767821312
1032,0.02005137619562447,0.0038538493681699038,0.016197526827454567
1033,0.020427431911230087,0.003997715190052986,0.0164297167211771
1034,0.01997280726209283,0.003880035597831011,0.016092771664261818
1035,0.019911270821467042,0.0035310855600982904,0.01638018526136875
1036,0.019150127889588475,0.0036732361186295748,0.0154768917709589
1037,0.020689561730250716,0.003858446842059493,0.016831114888191223
1038,0.020686794072389603,0.003804098814725876,0.016882695257663727
1039,0.0199564709328115,0.003746138419955969,0.01621033251285553
1040,0.02005475526675582,0.0038034929893910885,0.01625126227736473
1041,0.02046361844986677,0.003812289796769619,0.016651328653097153
1042,0.019975386559963226,0.0037736203521490097,0.016201766207814217
1043,0.020342785865068436,0.003752775490283966,0.01659001037478447
1044,0.01981872273609042,0.0036835498176515102,0.01613517291843891
1045,0.01946699433028698,0.003822633996605873,0.015644360333681107
1046,0.01901783887296915,0.00375368632376194,0.01526415254920721
1047,0.020944591145962477,0.0040449234656989574,0.01689966768026352
1048,0.019574821926653385,0.003745471127331257,0.01582935079932213
1049,0.020351437851786613,0.0037849061191082,0.016566531732678413
1050,0.020518596284091473,0.003650273196399212,0.01686832308769226
1051,0.020237819524481893,0.003814599709585309,0.016423219814896584
1052,0.019730461295694113,0.003737873863428831,0.01599258743226528
1053,0.01986985420808196,0.003762762527912855,0.016107091680169106
1054,0.020053939893841743,0.0036692898720502853,0.016384650021791458
1055,0.01990243373438716,0.0035992669872939587,0.0163031667470932
1056,0.01960337022319436,0.0038136974908411503,0.01578967273235321
1057,0.021118177101016045,0.003858530893921852,0.017259646207094193
1058,0.019122967729344964,0.0036648570094257593,0.015458110719919205
1059,0.019836198072880507,0.003803206142038107,0.0160329919308424
1060,0.020030122017487884,0.0038095542695373297,0.016220567747950554
1061,0.021333144512027502,0.003832306247204542,0.01750083826482296
1062,0.020716432482004166,0.003730498254299164,0.016985934227705002
1063,0.020622773095965385,0.003704795613884926,0.01691797748208046
1064,0.01960719097405672,0.0037090694531798363,0.015898121520876884
1065,0.020253162132576108,0.0036921680439263582,0.01656099408864975
1066,0.019943841733038425,0.0036073336377739906,0.016336508095264435
1067,0.019858525600284338,0.0035448442213237286,0.01631368137896061
1068,0.018997973762452602,0.0037457263097167015,0.015252247452735901
1069,0.01984531944617629,0.0038386578671634197,0.01600666157901287
1070,0.020162215922027826,0.003861383069306612,0.016300832852721214
1071,0.01945095951668918,0.003750550327822566,0.015700409188866615
1072,0.020022604148834944,0.003906290512531996,0.016116313636302948
1073,0.020808022003620863,0.0038188504986464977,0.016989171504974365
1074,0.01984783774241805,0.0037984675727784634,0.016049370169639587
1075,0.019814496859908104,0.0036614835262298584,0.016153013333678246
1076,0.01992492121644318,0.0037225999403744936,0.016202321276068687
1077,0.02010398032143712,0.0036137071438133717,0.01649027317762375
1078,0.020273972302675247,0.003987986594438553,0.016285985708236694
1079,0.019485619384795427,0.00371928745880723,0.015766331925988197
1080,0.019949520006775856,0.0036130696535110474,0.01633645035326481
1081,0.019600777188315988,0.003780158469453454,0.015820618718862534
1082,0.020684779155999422,0.0038440958596765995,0.016840683296322823
1083,0.0199617394246161,0.003763782326132059,0.01619795709848404
1084,0.020068034762516618,0.003795134136453271,0.016272900626063347
1085,0.02009776048362255,0.0038638245314359665,0.016233935952186584
1086,0.020116665633395314,0.0037992645520716906,0.016317401081323624
1087,0.01958983624354005,0.0037720934487879276,0.01581774279475212
1088,0.01989708561450243,0.0036337757483124733,0.016263309866189957
1089,0.01955831260420382,0.0035025051329284906,0.01605580747127533
1090,0.019450927386060357,0.003816128009930253,0.015634799376130104
1091,0.018826117273420095,0.0036448235623538494,0.015181293711066246
1092,0.019763555377721786,0.0036375485360622406,0.016126006841659546
1093,0.020344543270766735,0.003932415507733822,0.016412127763032913
1094,0.01925106649287045,0.0034480628091841936,0.015803003683686256
1095,0.019449716433882713,0.0036956388503313065,0.015754077583551407
1096,0.019381059799343348,0.0036279489286243916,0.015753110870718956
1097,0.01986397593282163,0.00373575440607965,0.01612822152674198
1098,0.019196939654648304,0.003539673052728176,0.015657266601920128
1099,0.01951962010934949,0.0037668109871447086,0.01575280912220478
1100,0.019145826809108257,0.0035738302394747734,0.015571996569633484
1101,0.01990190357901156,0.0038322454784065485,0.01606965810060501
1102,0.019956494914367795,0.0037593648303300142,0.01619713008403778
1103,0.019493078580126166,0.003682888811454177,0.01581018976867199
1104,0.019525864161551,0.0036963121965527534,0.015829551964998245
1105,0.01906581991352141,0.003573016496375203,0.015492803417146206
1106,0.01997326733544469,0.0035769143141806126,0.016396353021264076
1107,0.019498497247695923,0.0037255045026540756,0.015772992745041847
1108,0.01990349590778351,0.0036850180476903915,0.016218477860093117
1109,0.01844383031129837,0.0036294739693403244,0.014814356341958046
1110,0.018784567713737488,0.003814591094851494,0.014969976618885994
1111,0.019822656642645597,0.003891234751790762,0.015931421890854836
1112,0.019821994937956333,0.0035384194925427437,0.01628357544541359
1113,0.019771987572312355,0.003789100795984268,0.015982886776328087
1114,0.019925058586522937,0.0035452458541840315,0.016379812732338905
1115,0.019451461732387543,0.0037324167788028717,0.01571904495358467
1116,0.01975693553686142,0.0035142209380865097,0.01624271459877491
1117,0.01926709245890379,0.003519897349178791,0.015747195109725
1118,0.019298452883958817,0.0034419242292642593,0.015856528654694557
1119,0.019270124845206738,0.003536027856171131,0.015734096989035606
1120,0.019859736319631338,0.0037293131463229656,0.016130423173308372
1121,0.019701428711414337,0.0037260036915540695,0.015975425019860268
1122,0.019485969562083483,0.0035286960192024708,0.015957273542881012
1123,0.02027879748493433,0.003911388106644154,0.016367409378290176
1124,0.01933480706065893,0.0037857946008443832,0.015549012459814548
1125,0.019069372210651636,0.0035730930976569653,0.015496279112994671
1126,0.01900490280240774,0.003659307025372982,0.01534559577703476
1127,0.019075804390013218,0.0037720538675785065,0.015303750522434711
1128,0.019242879934608936,0.003673211671411991,0.015569668263196945
1129,0.018835960887372494,0.0036319326609373093,0.015204028226435184
1130,0.01966784242540598,0.0037919143214821815,0.015875928103923798
1131,0.019181492272764444,0.00377185782417655,0.015409634448587894
1132,0.01939262030646205,0.003580141346901655,0.015812478959560394
1133,0.019244203809648752,0.003544699866324663,0.01569950394332409
1134,0.01957170804962516,0.003700451459735632,0.015871256589889526
1135,0.019062325358390808,0.003746435046195984,0.015315890312194824
1136,0.019475725479424,0.003846381790935993,0.015629343688488007
1137,0.01999355899170041,0.003562618512660265,0.016430940479040146
1138,0.019454156048595905,0.0037401551380753517,0.015714000910520554
1139,0.019523404072970152,0.0038023418746888638,0.015721062198281288
1140,0.01921451953239739,0.0035854943562299013,0.015629025176167488
1141,0.019751659128814936,0.003561610821634531,0.016190048307180405
1142,0.019148338120430708,0.0035396222956478596,0.015608715824782848
1143,0.020028705010190606,0.0037577918265014887,0.016270913183689117
1144,0.018727082293480635,0.0036019389517605305,0.015125143341720104
1145,0.019467446021735668,0.0036212923005223274,0.01584615372121334
1146,0.019714895403012633,0.0035451145377010107,0.016169780865311623
1147,0.01873380644246936,0.0036163520999252796,0.015117454342544079
1148,0.019000531174242496,0.0035923831164836884,0.015408148057758808
1149,0.01878843130543828,0.0036462335847318172,0.015142197720706463
1150,0.018891881685703993,0.003487674053758383,0.01540420763194561
1151,0.019248349592089653,0.0033325087279081345,0.01591584086418152
1152,0.019400522811338305,0.0035739641170948744,0.01582655869424343
1153,0.01920260931365192,0.0036822117399424314,0.015520397573709488
1154,0.019949581706896424,0.003545841434970498,0.016403740271925926
1155,0.019658640259876847,0.00357989058829844,0.016078749671578407
1156,0.019789639860391617,0.0037877019494771957,0.01600193791091442
1157,0.019712110748514533,0.0038594098296016455,0.015852700918912888
1158,0.019264884758740664,0.00355342635884881,0.015711458399891853
1159,0.019149011932313442,0.0036522867158055305,0.015496725216507912
1160,0.019634459167718887,0.0036136526614427567,0.01602080650627613
1161,0.019814363680779934,0.0035685067996382713,0.016245856881141663
1162,0.018974057398736477,0.0036490224301815033,0.015325034968554974
1163,0.018968315329402685,0.00346636725589633,0.015501948073506355
1164,0.019854432437568903,0.0037494120188057423,0.01610502041876316
1165,0.019690160173922777,0.0034694750793278217,0.016220685094594955
1166,0.01949957641772926,0.003542023478075862,0.015957552939653397
1167,0.01910473220050335,0.003727007657289505,0.015377724543213844
1168,0.019633076153695583,0.003625997342169285,0.0160070788115263
1169,0.019700638949871063,0.0035841967910528183,0.016116442158818245
1170,0.019047869835048914,0.0036166966892778873,0.015431173145771027
1171,0.01953317504376173,0.0037311697378754616,0.01580200530588627
1172,0.01927261403761804,0.003520527621731162,0.01575208641588688
1173,0.018629572354257107,0.003536091186106205,0.015093481168150902
1174,0.019168307539075613,0.0035574310459196568,0.015610876493155956
1175,0.019011418567970395,0.003682192647829652,0.015329225920140743
1176,0.018713238183408976,0.0036460268311202526,0.015067211352288723
1177,0.01865060208365321,0.0033614602871239185,0.015289141796529293
1178,0.018497972982004285,0.003756923833861947,0.014741049148142338
1179,0.018862655386328697,0.003635939210653305,0.015226716175675392
1180,0.019354453310370445,0.00357949361205101,0.015774959698319435
1181,0.018849970307201147,0.003512862604111433,0.015337107703089714
1182,0.01885441248305142,0.003690530778840184,0.015163881704211235
1183,0.01941717555746436,0.003597389440983534,0.015819786116480827
1184,0.019139480777084827,0.0035985829308629036,0.015540897846221924
1185,0.01796555332839489,0.0036509819328784943,0.014314571395516396
1186,0.01910122251138091,0.003392403479665518,0.015708819031715393
1187,0.018924718257039785,0.0034921071492135525,0.015432611107826233
1188,0.01946898875758052,0.003541549202054739,0.01592743955552578
1189,0.019763079937547445,0.0038436739705502987,0.015919405966997147
1190,0.019293890800327063,0.0035371254198253155,0.015756765380501747
1191,0.01924501871690154,0.003698489163070917,0.015546529553830624
1192,0.019251126796007156,0.0035776477307081223,0.015673479065299034
1193,0.018833421170711517,0.0036078086122870445,0.015225612558424473
1194,0.0185344316996634,0.0035091727040708065,0.015025258995592594
1195,0.01896971953101456,0.0037357753608375788,0.015233944170176983
1196,0.01954853185452521,0.003524055937305093,0.016024475917220116
1197,0.019064349588006735,0.0035514528863132,0.015512896701693535
1198,0.01876288326457143,0.0037111821584403515,0.015051701106131077
1199,0.019188702339306474,0.0035218840930610895,0.015666818246245384
1200,0.018586561316624284,0.0034079544711858034,0.01517860684543848
